word,count
ad,7300
ar,5842
lli,4435
nns,3265
yan,3112
as,2545
ur,2517
iga,2398
ayt,2259
lm,1981
isa,1881
yat,1840
uln,1822
rib,1672
un,1545
ta,1458
tga,1453
ya,1432
tt,1405
an,1381
gis,1335
kra,1297
imzda,1295
ig,1252
in,1225
nna,1191
usgg,1063
al,1055
illan,1028
is,1019
usun,998
mas,995
akk,954
id,856
us,844
ufgan,834
igan,832
tutlayt,822
ti,820
ula,814
ma,803
iws,778
tamattayt,768
la,731
illa,726
kigan,710
nin,701
nnsn,696
nn,696
tamazi,695
sus,695
da,692
dar,685
ann,679
tmazirt,671
de,665
im,653
zun,632
ni,623
mad,610
bahra,603
middn,596
wa,568
am,546
wu,540
li,534
tasga,532
amazi,513
ilkm,513
llan,501
gan,497
tgldit,494
rmt,490
mk,490
mu,486
usi,484
awal,468
ns,467
tg,465
acku,464
uggar,464
sin,458
inn,457
it,449
rad,446
tmazi,445
asn,445
tqbilt,443
tskr,442
tgrawt,439
wan,431
tlla,430
sg,430
gr,429
imazi,421
tm,418
tsga,406
iwala,405
ism,401
tutlayin,394
uma,393
tam,392
imla,391
baha,390
wwa,390
masst,389
tama,386
tasmirit,384
tmna,383
tsmirit,383
zund,378
af,373
tn,371
um,369
sul,369
waman,363
tussna,362
wactukn,355
aylli,351
macc,349
en,340
dars,340
msmun,335
tin,334
tamna,333
tizi,332
ikka,331
assa,327
tudrt,324
awd,322
wakal,321
wanaw,315
if,299
mi,298
umzruy,298
tigmi,293
wadrim,289
arast,288
las,286
inna,284
lan,281
awgnz,281
ra,280
kullu,279
sis,279
ass,277
unt,277
ku,276
tugt,275
et,275
lin,270
ul,270
snat,269
wac,269
tasut,265
yism,265
at,264
awan,263
tu,259
imqqurn,258
du,258
tawjiwin,258
ama,255
afad,254
art,254
uzmz,253
amatay,252
izdin,250
ay,246
nit,246
fllas,242
ug,240
sidi,240
mac,239
arn,238
le,232
iyn,230
gisn,230
rabt,229
iffus,229
akc,229
ri,228
ttinin,227
ukan,227
ka,227
isgg,227
idaw,226
nttan,224
nttafa,223
gg,222
tiss,221
tmdint,221
bu,220
afn,220
gant,220
twjiwin,220
tmizar,219
ud,217
amzwaru,217
ran,217
usggas,216
tirra,215
win,214
ilin,213
ilan,212
aman,211
idrarn,209
akud,209
ammas,208
rm,206
asif,205
swurin,204
timazi,203
uk,201
arin,201
nnsnt,201
umarg,199
ne,199
ag,199
tmzgida,199
the,198
ugadir,198
tzdu,198
itt,196
mmad,195
px,195
imezda,194
amzruy,193
nttat,192
tis,192
ddu,189
sa,189
des,189
of,188
ilul,188
wass,187
tgmmi,187
ngr,186
iskr,186
ugafa,185
wasif,185
ib,185
ab,184
mma,182
tili,182
wis,180
tamazirt,179
il,179
asgg,179
ilmma,178
imn,178
imi,177
ba,176
abt,175
udrar,173
mqqar,173
trabbut,172
illi,171
bac,171
mqqurn,170
wassa,170
udlis,169
zz,168
ugllid,167
mraw,166
yad,166
iggi,166
yili,165
anaw,164
fa,164
asnmalay,163
sgsm,161
imudar,161
wanawn,161
paris,161
iwis,160
ili,160
tal,159
mmsm,159
tamzwarut,158
ilad,157
irgazn,157
wiss,155
dzayr,155
atig,154
inu,154
awsiwin,154
ikkan,153
km,153
ir,153
twuri,153
ammt,151
ixf,150
tacl,149
ufus,149
yi,149
tim,149
dat,148
bn,147
les,147
kraygat,146
umt,146
lu,144
di,143
ibn,142
ak,142
tnt,142
ik,141
ila,140
https,140
wawal,139
man,139
ittili,136
llant,135
ittini,134
wanna,134
nt,134
bab,133
com,132
anammas,130
berbère,129
tamdint,129
tafransist,128
mddn,128
agadir,128
tawuri,126
tkka,125
yum,125
rma,124
tusnakt,122
mayad,122
immut,122
tfriqt,122
willi,120
urt,120
izwarn,120
tawja,120
ntta,119
zi,119
izrin,119
ira,119
sawaln,118
timizar,118
idlisn,118
dis,117
tnba,117
tuga,116
wiyya,116
kku,115
mmu,115
isbn,115
adrar,114
adlis,113
tarabbut,113
dffir,112
int,112
usays,112
tqbilin,110
akal,110
tigmmi,110
tiwlafin,109
wala,109
ina,108
tafukt,108
anfg,108
gisnt,107
udm,107
tugtt,107
tagut,107
aras,106
tinml,106
kkan,106
ddaw,106
amawal,105
na,105
tayri,105
ribit,105
wayyur,104
skrn,104
imassn,104
imikk,102
seg,102
amaynu,101
and,101
isggasn,101
timdinin,101
usinag,100
amarg,100
yill,99
imik,99
www,99
ammad,98
mqqurnin,98
mnnaw,98
tlalit,98
nes,97
urgaz,97
tiram,97
iwaliwn,97
gh,97
aya,96
mani,96
una,96
igr,95
umussu,95
iggutn,95
kantin,95
iqqan,94
tf,94
ub,93
urn,93
yura,93
tma,93
walli,93
tumlilt,93
tarwa,93
bni,93
darsn,92
lislam,92
isaffn,92
izri,92
bariz,92
tguri,91
igi,91
abu,91
aln,91
tdlsa,90
zd,90
mrrakc,90
mlyun,90
usggwas,89
ismawn,89
azmz,89
rab,89
ima,89
anawn,88
fransa,88
wid,88
azayku,88
babas,88
awsa,87
tazaykut,87
tadamsa,87
dd,87
imunn,87
fad,86
el,86
slawan,86
nttini,86
tguriwin,86
agldan,86
gin,85
tifina,85
mayan,85
skarn,84
iran,84
tskla,84
tamaynut,84
gn,84
iskkiln,84
smmus,83
wammas,83
ca,83
taf,82
war,82
lmxzn,82
mulay,82
vasilisa,82
taguri,81
igat,81
aynna,81
musa,81
ts,81
mnnawt,81
tamadn,81
jam,81
bula,80
fr,80
nini,80
izdayn,80
bdda,80
arasin,80
umata,80
ifassn,80
ribi,79
igran,79
urupa,78
umara,78
ant,78
ifulkin,78
bla,77
iwin,77
izd,77
tafriqt,76
unu,76
tan,76
afgan,76
argaz,76
idus,76
wacn,76
tfransist,75
masd,75
isawl,75
amma,75
taqburt,75
ida,75
ana,75
mitru,75
usgd,75
iqburn,74
abla,74
ignwan,74
tamatart,74
wad,74
trubba,74
ikcm,74
srs,74
berbères,74
usuf,74
urarn,74
yadlli,73
tasnal,73
uflla,73
nnan,73
fas,73
lant,73
asnmkta,73
rbbi,73
zg,73
xf,73
tagant,72
tas,72
libya,72
icl,72
tasutin,72
warratn,72
maca,72
marikan,71
org,71
tasgiwin,71
ussan,71
taqbilt,71
yiwi,71
uslig,71
iwtta,71
tmyurin,71
tasengama,70
tagldit,70
issn,70
bbi,70
tiqbilin,70
imma,70
udayn,70
tuns,69
iy,69
iklli,69
iff,69
iyi,69
tanglizt,68
alatin,68
baba,68
ittu,68
anamk,68
mn,68
ansist,68
twuriwin,68
ibrit,68
yusf,68
timassanin,68
lqqblt,68
ayad,67
aw,67
inin,67
iyt,67
ait,67
izrfan,67
asan,67
askkil,66
morphologie,66
brra,66
uz,66
imzwura,66
ssin,66
ttaran,66
wayda,66
falas,66
tamassant,65
tirmt,65
mgal,65
ayn,65
tsdawit,65
tmurt,64
umlil,64
azur,64
ugdud,63
anamur,63
tmagit,63
umdya,63
ittyuskar,63
usinan,63
tasm,63
tsgiwin,63
allit,63
ifk,63
tmdyazt,63
tla,63
tnna,63
ifni,63
lfna,63
ugmu,62
ansa,62
nun,62
urta,62
berber,62
agllid,62
walya,62
amara,62
tslit,62
umdyaz,61
iwant,61
sur,61
yuba,61
iman,61
iskar,60
tlkm,60
yas,60
amr,60
maroc,60
ufan,60
iddr,60
tum,60
timzgida,60
wasifad,60
ha,59
anzwi,59
idda,59
ittinin,59
mnid,59
wafaya,59
turart,58
ru,58
tcl,58
tayya,58
lq,58
aslmd,58
tdusi,58
yu,58
ali,58
isawaln,58
darsnt,58
tamurt,57
tfina,57
mqqu,57
tamunt,57
umzwaru,57
ayd,57
imallayn,57
takat,57
nssn,57
tatrart,57
yujjan,57
asays,57
ssa,57
aqbur,57
tig,57
ifl,57
imu,57
leonardo,57
lmim,57
amazigh,56
ggutn,56
tudert,56
tmaz,56
aflla,56
rif,56
rebbi,56
afares,56
iz,55
uskkil,55
asgd,55
ut,55
twja,55
taddagt,55
imdyatn,55
zzifn,55
usmdi,55
ben,55
bdllah,55
igin,55
assufe,55
zikk,54
nu,54
fllasn,54
ssi,54
tanba,54
idrus,54
wayya,54
tarwuri,54
ugns,54
wakud,54
par,54
nja,54
ilm,53
rrif,53
tsrtit,53
ungal,53
afus,53
http,53
taddart,53
rban,53
unamk,52
ix,52
tsna,52
rman,52
ten,52
imqqu,52
irwas,52
tarakalt,52
utaram,52
axatar,52
uswingm,52
sksu,51
tanamurt,51
nttni,51
ittussan,51
aklu,51
tasna,51
tiznit,51
ittgga,51
rf,51
balu,51
wak,51
sn,51
asen,51
uri,51
ilint,51
yigr,51
ingr,51
uzrf,51
llig,51
taskla,51
tullist,51
hmmu,51
ritn,50
inb,50
wul,50
imaratn,50
au,50
wur,50
tta,50
aqran,50
ayda,50
tannayt,50
ill,50
ils,50
allig,50
taysi,50
isardasn,50
ittawssann,50
web,49
isawal,49
ki,49
tid,49
watig,49
alb,49
tadlsa,49
ittawssan,49
bi,49
ganin,49
rrba,49
awin,49
rram,49
innayr,49
tkcm,49
tasuta,49
anin,48
waxxa,48
tb,48
waddad,48
amagut,48
yakkan,48
utrim,48
taqubbanit,48
usslmd,48
mass,48
amt,48
lma,48
imuslmn,48
tmatarin,48
bd,48
kka,48
dans,48
tamsmunt,47
nsn,47
anya,47
awn,47
amqqran,47
tikkal,47
mmi,47
tuzdu,47
tir,47
ismun,47
tigira,47
agmu,47
tun,47
bl,47
tqqbilt,47
abrid,46
tag,46
uct,46
tarakal,46
ikk,46
kcmn,46
tsbbabt,46
une,46
ubrid,46
tamagit,46
issuf,46
usarag,46
tamdyazt,45
munn,45
ttilin,45
yut,45
tamallayt,45
isman,45
ttili,45
imun,45
uf,45
tska,45
tumrt,45
ifr,44
umzaray,44
ddin,44
igg,44
idusn,44
afa,44
ou,44
lkmn,44
talli,44
ibda,44
tlul,44
wargan,44
cm,44
anu,44
idammn,44
inm,44
din,44
tmi,44
addur,44
tugga,44
urar,44
uza,44
tad,44
imaynutn,43
tmdyazin,43
tgira,43
asklu,43
yunyu,43
taser,43
tzri,43
amn,43
uran,43
waddagn,43
lqblt,43
azal,43
uswir,43
yakka,43
imussutn,43
anmuggar,43
ugnsu,43
udmawn,43
san,43
izwar,43
aj,43
verrocchio,43
ittyawssan,43
te,43
timlsa,43
lqq,43
tmyurt,43
ugmmay,42
brahim,42
rmin,42
takka,42
mali,42
tifawt,42
tnglizt,42
taggurt,42
tasa,42
asafar,42
tgat,42
taggug,42
ed,42
usin,42
gar,42
wamun,42
lfilm,42
iflu,42
cmn,42
talatint,41
uki,41
nni,41
on,41
iggut,41
addad,41
anja,41
timlsit,41
mars,41
yaf,41
nnes,41
numidya,41
asin,41
uruppa,41
warzazat,41
inf,41
iswingimn,41
izlan,41
tmttant,41
ayan,40
taganin,40
yufa,40
ugzzum,40
tiwuriwin,40
iwalan,40
wussan,40
akkan,40
tmdinin,40
urin,40
yawi,40
jju,40
tallunt,40
tagrikt,40
twwuri,40
missi,40
asya,39
dujanbir,39
anafuk,39
tiddi,39
cu,39
bt,39
tunnunt,39
adlsan,39
umn,39
ukrwas,39
mayd,39
lieu,39
idrusn,39
ittilin,39
xnifra,39
tuggt,39
tini,39
ubaraz,39
tlli,39
wakuc,39
rum,39
tgi,39
ayann,39
gnt,39
tinmal,39
tawjja,39
may,38
atrar,38
tznit,38
drn,38
tikklt,38
waddur,38
yattuyn,38
yasi,38
tusi,38
urzzu,38
tarudant,38
mrawt,38
ifka,38
chef,38
yixf,38
pp,38
tmatart,38
gratsn,38
taskiwin,38
ittusmrasn,38
ubu,38
turtit,38
tanut,38
lkutubiya,38
nsen,37
zrin,37
tafgga,37
idukan,37
ard,37
tsr,37
yiwin,37
ibna,37
iln,37
ac,37
mklli,37
yaws,37
fifa,37
yurri,37
timdyazin,37
timyurin,37
takuct,37
inzggan,37
yusin,37
idn,37
agmmay,36
atlas,36
unzwi,36
unbdu,36
azgg,36
awra,36
tnzruft,36
itran,36
iskla,36
ifrawn,36
walili,36
acl,36
izmaz,36
uzzal,36
tra,36
timaynutin,36
ayli,36
tala,36
asu,36
nbdr,36
rrimn,36
zik,36
imrzutn,36
tiyya,36
alyan,36
ayyis,36
ura,36
aqqran,36
tmlsa,36
alt,36
zn,36
tsm,36
ukccu,36
ittggan,36
ilbnsirn,36
tingmi,36
arrif,35
abd,35
iqt,35
mmay,35
uft,35
ayyur,35
lssan,35
tanfalit,35
llah,35
wikipidya,35
rn,35
nas,35
usfuglu,35
sla,35
yusi,35
wayyis,35
awa,35
tuddma,35
ssinima,35
tullisin,35
uzawan,34
iffu,34
tamazight,34
lquran,34
agrakal,34
iskarn,34
netta,34
umiyn,34
misn,34
tadlsant,34
tasrtit,34
timna,34
iddrn,34
usnflul,34
er,34
tawalt,34
ger,34
izzri,34
twal,34
cum,34
umawal,34
cutanbir,34
amqran,34
nnk,34
rabat,34
trudant,34
ufra,34
amnni,34
tamyurt,34
tnammast,34
illis,33
tasnaddagt,33
iskrn,33
darn,33
igumma,33
massa,33
att,33
kullut,33
taflwit,33
amussu,33
tmallayt,33
israyil,33
tlkkm,33
isli,33
tkurt,33
tiwi,33
tagdudant,33
dn,33
nra,33
llin,33
tikli,33
yaga,33
film,33
tl,33
français,33
tmmut,33
ifran,33
tagara,33
imsiwln,33
kilumitr,32
asggan,32
rabn,32
tagrawt,32
imsasan,32
pdf,32
yutn,32
ukit,32
ittawin,32
html,32
ln,32
tana,32
issa,32
isker,32
asrtan,32
usu,32
morocco,32
iswuri,32
usn,32
ismd,32
tadimugrafit,32
umamk,32
mllal,32
yurar,32
ef,32
ajj,32
usuk,32
umazl,32
mr,31
digs,31
tiguriwin,31
tagduda,31
izaykutn,31
bba,31
han,31
ifkan,31
fu,31
urtan,31
imgradn,31
tawwuri,31
rt,31
immt,31
mis,31
amun,31
fkan,31
gi,31
iming,31
iskkinn,31
ufulki,31
unamir,31
ays,31
ii,31
aurès,31
ittyura,30
st,30
maya,30
uklu,30
tmu,30
izdi,30
llanin,30
ixatarn,30
midn,30
ittyussan,30
unn,30
yara,30
flt,30
ddunit,30
isrs,30
ttini,30
yini,30
alink,30
ibt,30
mbark,30
unmuggar,30
muritanya,30
nga,30
amaddud,30
ssnwan,30
tantala,30
tffugla,30
umnid,30
mllul,30
tgmi,30
immal,30
tazdayt,30
isugam,30
tturarn,30
isagn,30
taggayt,30
usfru,30
udwwa,30
amya,29
yam,29
anen,29
dids,29
tab,29
tmzgadiwin,29
ilma,29
uslmad,29
tayafut,29
fi,29
tinfusin,29
ahmed,29
tinin,29
alli,29
tirsal,29
awttas,29
tidt,29
naf,29
alln,29
pour,29
awi,29
ulli,29
tasnijjit,29
ribin,29
ikan,29
zzawit,29
ttggan,29
umzda,29
amdya,29
usayn,29
ssn,29
lt,29
iffa,29
vision,29
mknas,29
darwin,29
province,29
mohamed,28
aslmad,28
nasn,28
tgzirin,28
smmust,28
irwasn,28
izddar,28
iqqand,28
imir,28
tmitar,28
ifrdisn,28
tmukrisin,28
srsn,28
fln,28
umrruk,28
twala,28
tazzanin,28
iddu,28
twisi,28
yiffus,28
ungraw,28
tusutin,28
wazzan,28
isuyas,28
wammasn,28
lay,28
amnid,28
usgmi,28
uriwin,28
tasdawit,28
tamaddudt,28
usa,28
itn,28
irar,28
tbadut,28
lalla,28
tamttant,28
études,28
anwal,28
lif,28
tssum,28
sduqq,28
imkbin,28
wudm,27
igh,27
iftasn,27
tgrst,27
unagraw,27
tfukt,27
ff,27
ilkmn,27
ugafay,27
aq,27
amassan,27
agaman,27
taqbaylit,27
ignna,27
lmrruk,27
igudar,27
ala,27
kran,27
archive,27
agzzum,27
imurig,27
asaru,27
langue,27
avec,27
asgnaf,27
ini,27
tusna,27
asnt,27
taslit,27
tfrxin,27
tfganit,27
tssn,27
isyafatn,27
tffugliwin,27
new,27
zwar,27
tanirt,27
tmassanin,27
ttbna,27
ayyim,27
ikkad,26
wikipedia,26
ribiyn,26
uftas,26
imukrisn,26
acnyal,26
tigzirin,26
uba,26
angraw,26
arraw,26
yaggugn,26
azrf,26
tizwiri,26
usqqim,26
asinag,26
istawhman,26
amuslm,26
from,26
net,26
aa,26
issutln,26
amggaru,26
tskar,26
tafrawt,26
itta,26
tamawast,26
warraw,26
tzrawin,26
yucka,26
tafilalt,26
ugadaz,26
alger,26
idrimn,26
ibbi,26
mat,26
wi,26
lluz,26
tawlaft,26
ittyuran,26
abn,26
laflam,26
dictionnaire,26
linguistique,26
imurar,26
innan,26
tazrart,26
abdelaziz,26
wiki,25
irir,25
farn,25
usrag,25
tajumma,25
ibu,25
ugraw,25
mm,25
slawann,25
umtiwg,25
arat,25
uwank,25
ttu,25
atg,25
nuwanbir,25
bnan,25
akuc,25
tawala,25
taman,25
ddan,25
ani,25
warra,25
ufrag,25
amgrad,25
umalu,25
tlgamt,25
aït,25
taba,25
alim,25
yuf,25
imkinna,25
tilli,25
tisnt,25
issnta,25
tgrawla,25
flurinsa,25
vinci,25
yak,25
yunisku,25
imgunn,25
ifriqya,25
tuckad,25
tawrirt,25
textes,25
ss,25
akswat,25
iwutta,25
tddr,25
igadazn,25
ikmml,25
atin,25
uhyya,25
ajin,25
saski,25
agra,24
fn,24
tr,24
uzmmur,24
argan,24
idraren,24
itsn,24
mt,24
hat,24
tagra,24
isn,24
tmmal,24
yuckan,24
sisn,24
usiggl,24
tsmun,24
kan,24
mar,24
tafsut,24
midden,24
agdud,24
min,24
amm,24
uzilal,24
turrut,24
iss,24
mran,24
ica,24
est,24
qui,24
dari,24
awas,24
iselman,24
iwankn,24
tna,24
ft,24
landalus,24
tbda,24
lmu,24
simraw,24
ttilifizyun,24
idd,24
tmawast,24
usalay,24
umazi,24
disn,24
tillas,24
amdyaz,24
éd,24
igllin,24
tiddas,24
usdurri,24
uggugn,24
wudayn,24
issfal,24
unin,24
oussaih,24
udi,24
lyunisku,24
carra,24
lgu,24
usnwi,24
umtwi,24
azawan,23
rusya,23
assad,23
ircam,23
inmuggarn,23
aba,23
lba,23
mrt,23
tjumma,23
isggwasn,23
isan,23
isem,23
umuddu,23
yul,23
asfi,23
izray,23
tussniwin,23
ddrn,23
tusut,23
mal,23
yyi,23
tabrat,23
uhu,23
talalit,23
usammr,23
umin,23
mirikan,23
nnig,23
ifrxan,23
anzar,23
mnck,23
ms,23
tutrimt,23
imal,23
rbaz,23
ibayn,23
banya,23
uccn,23
mmam,23
unwal,23
ris,23
isul,23
nnun,23
lqbayl,23
immatti,23
uynna,23
tzl,23
tzdi,23
ayouz,23
tzwwaqt,23
tdamsa,22
uzgn,22
ittuskar,22
ist,22
world,22
del,22
wab,22
nufa,22
manik,22
udan,22
ixfawn,22
lanin,22
ittwassn,22
tsn,22
tssuf,22
tmrsal,22
timitar,22
akkw,22
irumiyn,22
ara,22
qa,22
si,22
icqqan,22
amudr,22
lax,22
idqqi,22
tagrawla,22
tissi,22
ugama,22
munnin,22
ghirlandaio,22
gint,22
uccen,22
ssr,22
imawn,22
wazzann,22
lla,22
abril,22
sgis,22
usbu,22
anamun,22
vol,22
aha,22
azgn,22
tamqrant,22
igatt,22
ruccn,22
idurar,22
tamiwant,22
immaln,22
idust,22
tfk,22
tmzgunt,22
tifras,22
university,22
tilit,22
club,22
maka,22
tazzit,22
tammnt,22
tmaddast,22
nucka,22
kossmann,22
inigi,22
tmddult,22
asalay,22
fars,22
iqqbu,21
laf,21
imdyazn,21
urqqas,21
asggas,21
lasi,21
ugmmu,21
tamqqrant,21
waqqa,21
ttddrn,21
tasaft,21
nom,21
nb,21
tlatint,21
udwar,21
tmlsit,21
tent,21
uzwl,21
umi,21
stt,21
ranin,21
yulyuz,21
tinamurin,21
albnsir,21
iyyi,21
ufi,21
imassann,21
tzdayt,21
nsa,21
tsawl,21
tattuyt,21
ssnn,21
icc,21
stroomer,21
harmattan,21
ssmrasn,21
mitr,21
dmnat,21
facebook,21
press,21
nyu,21
imalass,21
immutn,21
iwdan,21
git,21
muri,21
izli,21
uzaru,21
tssnti,21
kardano,21
sciences,21
aglmam,21
anssixf,21
tmttiwin,21
agmam,21
ref,21
wazal,21
galand,21
tamnba,21
fadd,21
littihal,21
jdamn,21
lms,21
tazdu,21
urdlim,21
llid,20
tagzirt,20
lann,20
nk,20
tmsmunin,20
agraw,20
iza,20
imtiwgn,20
tilalt,20
ittzda,20
sar,20
tarifit,20
tanga,20
umsasa,20
afransis,20
arratn,20
english,20
with,20
nz,20
rramn,20
yann,20
ccix,20
dmin,20
ittussann,20
imqqur,20
cttan,20
amazighe,20
tasr,20
akrwas,20
amurar,20
ukccum,20
innas,20
umu,20
histoire,20
ictta,20
ganga,20
issnti,20
iger,20
yimn,20
usmuttg,20
amucc,20
aydi,20
az,20
iri,20
ze,20
unba,20
timzwura,20
tislit,20
ifri,20
zzit,20
yun,20
ttawssan,20
ittyussann,20
nttnti,20
iwiz,20
igmamn,20
tinawt,20
tanamunt,20
rin,20
far,20
language,20
tk,20
matta,20
ufu,20
iswak,20
parler,20
kkatn,20
tfka,20
production,20
lmut,20
asarag,20
sawln,20
tdala,20
nnm,20
kurdish,20
stumme,20
maccan,20
ulad,20
tafalkayt,20
imiss,20
ilemma,20
tuqqut,20
tmtta,20
vocals,20
utu,20
lmnb,20
amamk,20
issu,19
aza,19
ittkka,19
amnzu,19
diyn,19
bljika,19
imnsi,19
igzzumn,19
ariq,19
izdar,19
tanna,19
fay,19
tanawayt,19
by,19
allah,19
irdn,19
za,19
hann,19
to,19
asit,19
milan,19
was,19
aux,19
uc,19
asi,19
nsawl,19
yiws,19
rabiyn,19
umassan,19
tmntilt,19
ittaws,19
ittyaran,19
tffu,19
sat,19
tirubba,19
fellas,19
dda,19
lb,19
mmutn,19
ways,19
cicawa,19
imsasa,19
nitni,19
charles,19
taymmat,19
trwas,19
ssu,19
arasn,19
alla,19
tfugla,19
layt,19
nnant,19
cardano,19
sen,19
asuf,19
ml,19
tgemmi,19
cf,19
timrslt,19
umrzu,19
basset,19
taluluct,19
udu,19
ddrst,19
tulstuy,19
cfcawn,19
tutlayyin,18
nettan,18
abi,18
awr,18
nttu,18
inamurn,18
yuma,18
ibdr,18
itri,18
taddagin,18
akccu,18
usklu,18
tiqburin,18
fal,18
taflsuft,18
tagrumma,18
asnml,18
unmala,18
asa,18
afadd,18
add,18
ayr,18
islman,18
ttackan,18
uckan,18
mun,18
ilmd,18
nzz,18
talimant,18
azilal,18
antirnit,18
nsawal,18
amud,18
imrsi,18
layn,18
talatinit,18
dris,18
tucka,18
imnayn,18
itahl,18
amata,18
nnsen,18
mkann,18
wafa,18
izga,18
amkku,18
adan,18
tawi,18
ayk,18
agudi,18
ddarija,18
tfugliwin,18
trisinti,18
umyawa,18
usli,18
uzmmem,18
aslway,18
tadusi,18
wallaln,18
wansa,18
twwuriwin,18
yujja,18
tacfin,18
afit,18
ssutln,18
aziz,18
nenna,18
urd,18
uskkir,18
tella,18
akw,18
ij,18
tsutlt,18
yuman,18
uda,18
twjja,18
lyunardu,18
qub,18
zayd,18
zu,18
tagafayt,18
iflwan,18
yugrtn,18
ikki,18
uswuddu,18
atilifun,18
taliwin,18
rwalt,18
ugrram,18
taska,18
wafulki,18
lmn,18
tzrart,18
isnsa,18
sizif,18
juntina,18
mckikla,18
tasfift,17
umudr,17
isuln,17
tiknariyin,17
tgzzumt,17
urma,17
arbre,17
que,17
usima,17
imzarayn,17
afullus,17
santa,17
ugaraw,17
tik,17
tilelli,17
ddun,17
issen,17
fran,17
article,17
ttmi,17
izddign,17
tamaz,17
monde,17
ijjign,17
idir,17
sous,17
imawaln,17
dr,17
iwttasn,17
lal,17
umyawas,17
imk,17
kul,17
tasimant,17
ixsan,17
ikaliwn,17
ikcmn,17
inlmadn,17
meqqar,17
imil,17
icakan,17
izn,17
swa,17
kud,17
ulmuggar,17
turkya,17
awsn,17
imsawaln,17
isiggil,17
iddan,17
urs,17
rs,17
bib,17
nd,17
ahim,17
ttilifun,17
atay,17
tamurant,17
masinissa,17
marocain,17
talla,17
bdrn,17
tv,17
tumant,17
rfan,17
usaru,17
tallast,17
mazi,17
tizdu,17
iml,17
provence,17
tsul,17
inw,17
afud,17
abdallah,17
muhammad,17
tsrdast,17
zzan,17
aft,17
lwad,17
kkint,17
casablanca,17
proto,17
tachelhit,17
köln,17
köppe,17
irzzutn,17
taqjdawt,17
waha,17
rrxam,17
lgab,17
ismrasn,17
warras,17
azwl,16
isawln,16
imasn,16
sina,16
turarin,16
isti,16
tfgga,16
umukris,16
watay,16
uya,16
krad,16
aren,16
wal,16
mrin,16
actukn,16
ifsr,16
amtiwg,16
immrwasn,16
yim,16
kullutn,16
agummu,16
tamggarut,16
arra,16
ugummu,16
afrdis,16
ufrdis,16
tilawt,16
tflwit,16
way,16
nan,16
ittawsn,16
ng,16
tisfifin,16
sud,16
islmadn,16
nutni,16
tamsart,16
ussnan,16
asml,16
taxatart,16
ilkkm,16
illul,16
wida,16
john,16
yirn,16
actuk,16
tiyni,16
dcayra,16
nkkin,16
igidr,16
nkki,16
uslmd,16
mamnk,16
ittara,16
iw,16
igldan,16
ismgan,16
awank,16
idin,16
nfk,16
em,16
tmamkt,16
talgamt,16
wattayn,16
amyag,16
allan,16
lxir,16
nek,16
lqa,16
ggutnin,16
ssuq,16
unck,16
itsnt,16
tafugla,16
dads,16
issutl,16
mmd,16
anbdad,16
tj,16
tadala,16
tsggiwin,16
anzgum,16
jean,16
wanu,16
ilsan,16
chants,16
qu,16
aslgn,16
rways,16
igllidn,16
uzwag,16
roma,16
izimmr,16
tantlayin,16
immi,16
takurdit,16
tunart,16
aix,16
awzal,16
éditions,16
xadija,16
tqubbanit,16
uban,16
icca,16
usm,16
umzgun,16
imkli,16
guitar,16
tizaykutin,16
awlu,16
rmawin,16
imlaln,16
kilu,16
tinga,16
trfiqt,16
yirw,16
ubidun,16
tifaranin,16
krrun,16
bitlma,16
imiwa,16
akumbyutr,16
barabul,16
ttllaja,16
uzddi,16
tgzmt,16
bbay,16
adusan,16
warrasn,16
uqin,16
ukamyu,16
akamyu,16
tanammast,15
izwl,15
tazzla,15
uni,15
izm,15
ibidd,15
tiniri,15
titrit,15
ittuyskar,15
ilkkmn,15
addag,15
science,15
anim,15
tamhazt,15
rit,15
tamguri,15
akruran,15
iqqnn,15
kiwt,15
imddukkal,15
lalman,15
tassast,15
tsk,15
kraygatt,15
isusiyn,15
stin,15
ittawsan,15
ban,15
graygat,15
ataram,15
association,15
ttin,15
tall,15
akilumitr,15
tduli,15
ilt,15
tagmu,15
uzn,15
ittuyssan,15
tameddurt,15
tamatayt,15
ye,15
chleuh,15
ufrux,15
tul,15
ddi,15
dln,15
rucd,15
cafiq,15
irin,15
ffa,15
amur,15
wannaz,15
iswurin,15
ult,15
ittugan,15
tmura,15
tuma,15
imwa,15
lmilad,15
mohammed,15
vasari,15
amwan,15
tasila,15
ttawin,15
tsawal,15
hati,15
fir,15
kkin,15
kcmnt,15
mayyu,15
itffi,15
uggug,15
tagldant,15
tannayin,15
tamssugurt,15
asmel,15
icirran,15
riwin,15
umlan,15
imizi,15
tqriban,15
igzzuln,15
tisu,15
lbaca,15
umun,15
beni,15
ansis,15
trit,15
flla,15
icqqa,15
taw,15
wungal,15
umdan,15
usntl,15
wallun,15
said,15
asala,15
sun,15
ahyya,15
yimi,15
md,15
istawhmman,15
ibawn,15
tfaska,15
idls,15
timatarin,15
yurk,15
awed,15
wallas,15
tfras,15
cc,15
isslkm,15
isafarn,15
mmis,15
tni,15
souss,15
tiré,15
litcin,15
dialecte,15
idln,15
amin,15
zman,15
alin,15
zdin,15
tirgalin,15
dialectes,15
snrt,15
uzayku,15
tkrrayt,15
idwr,15
taydrt,15
lhri,15
anmala,14
yuran,14
altu,14
tanzruft,14
usnmala,14
aqqbur,14
blli,14
ilas,14
tarusit,14
isrdasn,14
azgzaw,14
bnyulit,14
amal,14
ifulki,14
iwn,14
tiki,14
idgl,14
ittm,14
ugdz,14
translation,14
den,14
azut,14
taqqbilt,14
mrwasnin,14
afin,14
zwarnin,14
yadnin,14
aygan,14
ast,14
attayn,14
fulkinin,14
berra,14
sifaw,14
ayelli,14
walu,14
mondeberbere,14
tmsmunt,14
ittddr,14
site,14
institut,14
culture,14
ajdir,14
ras,14
wassay,14
amawas,14
tur,14
xef,14
roman,14
ikad,14
xalid,14
usman,14
homme,14
aglay,14
asmlal,14
asusi,14
agafa,14
dictionary,14
yaqqra,14
rabit,14
ittyawssann,14
iswurri,14
isnulfa,14
tme,14
ittajjan,14
iynin,14
mkan,14
taza,14
ifssusn,14
targant,14
ttilint,14
zud,14
mman,14
frn,14
ismunn,14
tgzirt,14
ibrir,14
yulyu,14
wlad,14
tawwri,14
igjda,14
rmiwin,14
ibdd,14
winna,14
alif,14
assu,14
aqbayli,14
tafuyt,14
isura,14
iqqn,14
tnzbayt,14
unesco,14
wantirnit,14
lbaz,14
tmassant,14
ajji,14
azawad,14
deg,14
tmssurt,14
tbdd,14
yufan,14
trbatin,14
igdudn,14
tawada,14
isqsitn,14
tamu,14
revue,14
kabyle,14
twssart,14
yiri,14
plus,14
tafruxt,14
tinglizt,14
iq,14
tettussan,14
femmes,14
usnfar,14
ah,14
tamtti,14
uwtay,14
imssiwln,14
yidir,14
tgrikt,14
sifaks,14
iglmamn,14
mnaw,14
immimn,14
usala,14
prénom,14
sliman,14
lbi,14
lkatri,14
tettyawssan,14
yadda,14
rh,14
abaraz,14
tima,14
documents,14
vocabulaire,14
hugu,14
ittbna,14
tamzruyt,14
tagura,14
uglay,14
kunuha,14
lkanisa,14
fruyd,14
tafrawtn,14
ikkatinn,13
darija,13
igguran,13
dglai,13
php,13
yiw,13
asggwas,13
amyiwn,13
ddzayr,13
nig,13
union,13
ucnyal,13
usnulfu,13
tuqqna,13
ijawwan,13
ayyurn,13
ifta,13
ada,13
tubqal,13
imuza,13
igizuln,13
aftas,13
tmguri,13
igt,13
iluln,13
nttara,13
ilinkn,13
idawtanan,13
usakud,13
brtqqiz,13
almanya,13
amu,13
asslmd,13
tinamunin,13
urti,13
tmust,13
azday,13
isbbabn,13
igrzamn,13
ugayyu,13
fell,13
amzaray,13
tbrza,13
imaran,13
tanglizit,13
tanfusit,13
takrura,13
roi,13
aqqa,13
mmuri,13
bedda,13
tamrikt,13
ami,13
amsdaw,13
shi,13
arakal,13
spanya,13
kana,13
turri,13
uday,13
qbl,13
amnru,13
uslgn,13
anba,13
ssntan,13
isu,13
tikki,13
tamuslmt,13
ibnu,13
abdullah,13
me,13
ifel,13
udis,13
urba,13
ittiri,13
rar,13
yaggug,13
tagrst,13
anggaru,13
irur,13
tbidd,13
encyclopédie,13
imzgan,13
uzal,13
timukrisin,13
ttasin,13
zwarn,13
tashelhiyt,13
awtil,13
ktubr,13
awz,13
wansifn,13
tamri,13
iqqbiln,13
nba,13
tadla,13
tmrslt,13
uman,13
awasn,13
udabu,13
tyafut,13
atn,13
aniyn,13
uzru,13
twngimt,13
ifrax,13
itturar,13
targadda,13
uzzu,13
iswwuri,13
tinidlisn,13
bun,13
ayyi,13
amllal,13
tff,13
usafar,13
mzyan,13
lmlla,13
suln,13
studies,13
zut,13
isntal,13
ruft,13
dra,13
kkant,13
tinna,13
tsuta,13
igli,13
afulki,13
tettyussan,13
istayn,13
adur,13
agdz,13
warda,13
wahli,13
tmqqur,13
iswirn,13
innu,13
jjun,13
turda,13
usnsu,13
umya,13
ibri,13
ifn,13
urubba,13
immas,13
tajapunit,13
van,13
tifrusyawiyin,13
laman,13
cigan,13
ixef,13
ttalb,13
tfyyi,13
sawl,13
kurdistan,13
udiyya,13
zllij,13
tism,13
amtwi,13
umurar,13
tettusawal,13
destaing,13
tzmmar,13
zidan,13
amiwan,13
urir,13
ahl,13
chabab,13
istin,13
ittusawaln,13
tkmml,13
aswingm,13
awanek,13
atrms,13
idbab,13
umas,13
tmyaddant,13
farras,13
inani,13
idi,12
aswir,12
hmad,12
inazurn,12
yadn,12
astum,12
su,12
umar,12
tiw,12
tbu,12
ittawi,12
xaldun,12
ffir,12
yy,12
timu,12
walan,12
lkst,12
djabal,12
tifrkiwin,12
ttinint,12
azgga,12
smunn,12
sli,12
ifransawiyn,12
umlal,12
tamz,12
bzzaf,12
ixatrn,12
inkr,12
iraq,12
umrara,12
drusn,12
anit,12
agnsan,12
dzayer,12
bnu,12
grand,12
umusnak,12
usnfl,12
journal,12
ribab,12
fatima,12
yus,12
akuna,12
usnubbc,12
ssan,12
yuwi,12
tqqbilin,12
wawank,12
sma,12
tinawin,12
tmma,12
lwa,12
ummid,12
ussa,12
dil,12
yamu,12
uren,12
ittals,12
alyanit,12
imzwi,12
ansmassu,12
tak,12
ttirirn,12
tamawt,12
utci,12
litihal,12
uktubr,12
twizi,12
tti,12
tnnit,12
iwi,12
wannar,12
kusinus,12
askkud,12
tman,12
iku,12
tansift,12
izzray,12
lqn,12
ribiyt,12
ustay,12
ict,12
tbrat,12
irxan,12
issi,12
tasenselkimt,12
nagt,12
walt,12
rant,12
uzday,12
iwrikn,12
wayfs,12
édition,12
wuccn,12
lah,12
zzif,12
linin,12
aggurn,12
tamimt,12
tamssurt,12
tiflut,12
qqarn,12
usmun,12
tmun,12
grasn,12
ucn,12
ukin,12
lk,12
tfruxt,12
afna,12
york,12
asuk,12
tmntal,12
rome,12
ibrahim,12
agldun,12
max,12
bri,12
tffa,12
imsli,12
targalt,12
illin,12
twila,12
google,12
ine,12
tiznirt,12
arabic,12
for,12
groupe,12
ikkat,12
tizzwa,12
iskurn,12
akd,12
azn,12
wwad,12
ufin,12
tammara,12
ittirir,12
hiktar,12
idrnan,12
yuns,12
lmdrst,12
isaragn,12
idran,12
tagu,12
msasan,12
unyalkam,12
ttyawssan,12
fur,12
ingratsn,12
algérie,12
tussda,12
bnyult,12
assmrs,12
etude,12
inzbayn,12
tmsswit,12
tamajgalt,12
tasiggzt,12
lbahya,12
tqubbatin,12
ttbnan,12
uttci,12
sslawi,12
undudi,12
nss,11
ttid,11
tnkr,11
tfunast,11
uwttas,11
tamnzut,11
tdrus,11
rra,11
ahijri,11
yafu,11
tkrza,11
nast,11
surya,11
taduli,11
timi,11
tawnna,11
waddag,11
gmas,11
aduku,11
inawn,11
bbin,11
ultmas,11
dl,11
tazgg,11
fkn,11
tafkka,11
tfkka,11
suq,11
texts,11
ulla,11
tifyyi,11
arba,11
rramt,11
umaris,11
tinfganin,11
igiwr,11
lmd,11
nskr,11
iqari,11
tasarut,11
taqqayin,11
deux,11
mmimnin,11
imm,11
afrak,11
sisnt,11
tq,11
bukus,11
sers,11
tiwtmin,11
afu,11
udadn,11
yya,11
imdyaten,11
inumak,11
idllisn,11
takurt,11
amezruy,11
izz,11
amusnak,11
lig,11
aqqayn,11
mln,11
nssin,11
iswingim,11
amntag,11
physique,11
ittut,11
tgit,11
nmun,11
amuc,11
iba,11
amuddu,11
leiden,11
isrtann,11
gitsn,11
tmtti,11
wamur,11
uddur,11
history,11
tz,11
azza,11
idris,11
ittkkan,11
tiddukla,11
asm,11
tbayn,11
ummidn,11
david,11
paul,11
yisgg,11
rdin,11
kulci,11
botticini,11
ixdm,11
mennaw,11
tasbbabt,11
agh,11
askkif,11
iznasn,11
mkad,11
taj,11
tflla,11
umant,11
igzman,11
aqqbu,11
rbi,11
ziz,11
tiwisi,11
inaw,11
tazuni,11
agg,11
maci,11
anflus,11
figig,11
mknna,11
ljam,11
walln,11
tmnba,11
ufasi,11
tagadirt,11
asnsu,11
umqqun,11
had,11
ibdan,11
itin,11
nnijr,11
tay,11
tuggas,11
ittuskarn,11
tsu,11
tifrxin,11
uzgzl,11
ulmmud,11
poésie,11
ufna,11
imddukk,11
amawsas,11
festival,11
ungaln,11
rmant,11
mrirda,11
nettat,11
ittutn,11
tmzarayin,11
ddaxla,11
tgllidt,11
iswuruyn,11
mennawt,11
central,11
mrwan,11
ent,11
guugl,11
ilkem,11
isnamkn,11
ittyuskarn,11
boogert,11
aliman,11
mudn,11
azwir,11
tettyura,11
chez,11
leroux,11
gma,11
tixsi,11
twada,11
udem,11
yugr,11
tfullust,11
act,11
mort,11
drun,11
iwunak,11
tamikanikt,11
awanak,11
yahya,11
nnd,11
kkusan,11
tmmara,11
izug,11
asgdan,11
sawalnin,11
isgdan,11
kab,11
ittuga,11
twtmt,11
malta,11
issflid,11
usurs,11
tettili,11
aglawwu,11
und,11
tazerwalt,11
tacawit,11
inbgiwn,11
langues,11
tizzla,11
tsrs,11
trar,11
targ,11
bb,11
olympique,11
tiznatiyin,11
chaouïa,11
hamburg,11
isswa,11
baslam,11
ittawskar,11
mummu,11
isilli,11
icnan,11
tanila,11
bidat,11
tamddult,11
wadur,11
waka,11
tdaliwin,11
taminigt,11
ittbnan,11
lyaju,11
tarakmamt,11
yn,10
askti,10
negh,10
udwas,10
sblyun,10
tgduda,10
iwa,10
tafu,10
waylaln,10
hlli,10
uhidrujin,10
ismma,10
wayyurn,10
zgis,10
wulli,10
ayfs,10
agayyu,10
issnn,10
yal,10
tazzant,10
yismawn,10
anut,10
imndi,10
gantn,10
ittyafa,10
ddar,10
ibrtqqizn,10
tahl,10
jdida,10
afransawi,10
abdllah,10
tli,10
afi,10
asmun,10
gisen,10
izzigiz,10
isawwaln,10
immala,10
ing,10
ikann,10
rur,10
tassmi,10
twinas,10
youtube,10
ukabar,10
news,10
tit,10
asamu,10
abddur,10
tsragt,10
sinigal,10
usrid,10
lligh,10
amid,10
album,10
musique,10
tib,10
tafult,10
afrique,10
tujjut,10
arcac,10
mrant,10
être,10
arganier,10
anbdu,10
imarirn,10
usus,10
nger,10
lf,10
ittam,10
imazzaln,10
agaraw,10
drusnin,10
vi,10
ussu,10
zdint,10
yiwl,10
imiqq,10
ibrdan,10
umsawa,10
aws,10
issmrasn,10
ibddn,10
tfsut,10
takadimit,10
arzzu,10
tamt,10
taq,10
anfa,10
ussnti,10
tel,10
nagn,10
yurm,10
asmuttg,10
udfrir,10
lmuwa,10
tamana,10
awar,10
atarn,10
tlslalit,10
medici,10
snfln,10
tzuzaf,10
mla,10
mdden,10
blogspot,10
kudnna,10
tikanariyin,10
tiwit,10
tsgg,10
ilu,10
ugudi,10
dut,10
uzrg,10
amlu,10
tuf,10
ittyama,10
be,10
ifis,10
asfsr,10
sab,10
yid,10
skrnt,10
novembre,10
iffi,10
lmal,10
yattuy,10
lx,10
tyafutin,10
smdn,10
yurun,10
amd,10
lyu,10
itturarn,10
brkan,10
sbanya,10
nara,10
mli,10
irna,10
tettini,10
mmaln,10
no,10
tassa,10
zgisnt,10
isaggn,10
aka,10
wanas,10
tirrugza,10
tiwal,10
isiwan,10
ttmunan,10
aminig,10
azatim,10
med,10
wuzzal,10
twnna,10
laln,10
imann,10
ittr,10
der,10
tarumit,10
kull,10
rarn,10
étude,10
tanger,10
centre,10
tifiras,10
yant,10
rwasn,10
asnflul,10
mamt,10
allun,10
tawargit,10
umlyun,10
bahya,10
tafasit,10
rri,10
imlan,10
imzwagn,10
azag,10
uzag,10
tkki,10
tamawayt,10
dayana,10
tcarlz,10
yanayr,10
iklu,10
usati,10
ulin,10
hulan,10
umgrad,10
gaya,10
bulunya,10
imis,10
urmas,10
abin,10
robert,10
ibbin,10
kkuz,10
idra,10
tmukrist,10
nkk,10
hinan,10
tzrawt,10
tazzwit,10
enn,10
tmzgid,10
iqqenn,10
courant,10
arabe,10
şivan,10
umgaru,10
aqq,10
cheikh,10
tayssi,10
yanni,10
rribab,10
ijj,10
umuslm,10
iggiz,10
tasgdant,10
tisgdanin,10
uzatim,10
kksn,10
etudes,10
ayyan,10
ubba,10
fer,10
tkadimit,10
african,10
ussmrs,10
almuggar,10
von,10
icbilya,10
imzwag,10
géographie,10
inagan,10
nijt,10
chaker,10
inalco,10
wikimidya,10
unguz,10
imr,10
edisud,10
ethnologue,10
tiwngimin,10
dimst,10
languages,10
maarten,10
ittus,10
lmumn,10
amafay,10
tawssna,10
ggan,10
kurara,10
tqjdawt,10
itaci,10
usardas,10
tassum,10
tzuniwin,10
imttin,10
turtatin,10
asnwi,10
acd,10
tggayt,10
barcaluna,10
andudi,10
induduyn,10
ittusmras,9
ariwin,9
kun,9
taqqbu,9
skern,9
tanfust,9
azarug,9
ttam,9
south,9
tasklut,9
aglam,9
yutub,9
awt,9
usggan,9
udrim,9
udanbala,9
yall,9
umm,9
unfus,9
ubuy,9
tgmma,9
timmad,9
trabbutin,9
yuckad,9
umutti,9
tagzzumt,9
asgt,9
tggan,9
twtmin,9
tazzulin,9
issufu,9
tafrart,9
day,9
latin,9
all,9
taylor,9
aqqan,9
cruz,9
anbba,9
lhnd,9
irxa,9
tisggiwin,9
lbank,9
iqqurn,9
lbit,9
usngar,9
nnj,9
mulud,9
izuran,9
azul,9
ittawyn,9
ttn,9
mmrn,9
uyt,9
amk,9
uxsan,9
atbir,9
akabar,9
awum,9
aknunnay,9
akilugram,9
iyen,9
umnala,9
wutci,9
saint,9
ccinwa,9
alugaritm,9
ttawsn,9
usit,9
ittmussun,9
imula,9
aussi,9
père,9
sahara,9
bihi,9
afssay,9
palmier,9
ses,9
nm,9
winu,9
imsarn,9
tayrza,9
tawit,9
asammr,9
anir,9
siwa,9
inbdadn,9
issin,9
usmnid,9
iwsn,9
wammak,9
ika,9
umit,9
tkk,9
nkrn,9
issm,9
rurn,9
munnt,9
ll,9
akudan,9
bani,9
assun,9
andrea,9
isgadda,9
manmk,9
ssufu,9
inni,9
annaz,9
taylalt,9
tasutlt,9
iggig,9
uw,9
wazzar,9
icttan,9
itti,9
ittim,9
wudi,9
ccan,9
skr,9
igaddan,9
unlli,9
tagwancit,9
pluriel,9
ttkkan,9
tasawt,9
ugmi,9
yanin,9
imuzzar,9
amda,9
berbere,9
ahi,9
tsqqimt,9
tfrka,9
umadan,9
tawckint,9
zrinin,9
tddu,9
asinan,9
ifs,9
digsn,9
udar,9
br,9
cauchy,9
isslkamn,9
ux,9
isni,9
imlwa,9
bzziz,9
tikklit,9
yaru,9
umggaru,9
lxmis,9
umadal,9
tanimant,9
rdayn,9
irgzn,9
imuwa,9
ukiyn,9
waydi,9
tasnm,9
iyin,9
taznatit,9
yalla,9
tazart,9
izgg,9
tmskarin,9
tidlsanin,9
alatini,9
abdellah,9
wawwal,9
ufilm,9
bul,9
tmara,9
zda,9
tzlit,9
drhm,9
lun,9
jadida,9
librairie,9
izerfan,9
asant,9
tifawin,9
tskiwin,9
ssfaln,9
rnan,9
rays,9
mmit,9
isala,9
hrcnin,9
wusun,9
tadslant,9
tamamkt,9
isegg,9
tkkan,9
big,9
yals,9
awkk,9
izammarn,9
turagt,9
zgisn,9
mak,9
nufi,9
ufr,9
tasi,9
tmzwarut,9
tfl,9
aytmas,9
mil,9
wasa,9
uklid,9
tura,9
islam,9
taws,9
umawas,9
tgrumma,9
th,9
masinisa,9
zmmimn,9
tsnijjit,9
idsn,9
imggura,9
anlli,9
hassan,9
japun,9
wandalus,9
kitab,9
africaine,9
tqbaylit,9
dit,9
tantalant,9
tribus,9
tasusit,9
ame,9
tiswak,9
amar,9
mimuna,9
afssas,9
ime,9
yaqqran,9
wiyyâd,9
uskkif,9
ghar,9
bnadm,9
teg,9
tawsna,9
toponyme,9
perwer,9
llis,9
akurdi,9
igiz,9
yigran,9
inmalan,9
ifaw,9
aql,9
lit,9
tiwwuriwin,9
adzayri,9
timaddudin,9
amunan,9
tasrtant,9
tizwarnin,9
rsi,9
udfl,9
tasrdast,9
mauritanie,9
mawritanya,9
tudayt,9
msa,9
tdmsa,9
ga,9
nsâmêh,9
bataille,9
archives,9
mara,9
tdda,9
mountassir,9
jun,9
niger,9
tsl,9
ultras,9
tamhla,9
tamnkda,9
ifili,9
tawsit,9
nnu,9
structure,9
tiknnayyin,9
tijanatin,9
tawilant,9
chamito,9
tmsasa,9
eds,9
tantaliwin,9
retrieved,9
zénaga,9
tudart,9
tilluna,9
tifwin,9
blla,9
tmlda,9
uss,9
uskkud,9
utn,9
ihyya,9
smurign,9
alah,9
taffugla,9
itwikifya,9
animan,9
utcima,9
urdal,9
wadal,9
tamslmt,9
wana,9
tqubbit,9
igllayn,9
timskarin,9
tmskar,9
tfrkt,9
igalfn,9
tadkk,9
yasin,8
agndid,8
ifasn,8
ukranya,8
twlaft,8
imuddutn,8
unazur,8
imazighen,8
ittaran,8
mustawi,8
adit,8
isslmad,8
isragn,8
llint,8
izgzawn,8
tmn,8
ttussan,8
wufu,8
upa,8
ubddur,8
tigniwt,8
ahidrujin,8
ustci,8
grec,8
adffuy,8
azmmur,8
irifi,8
tasnudrt,8
son,8
idwarn,8
izu,8
izgarn,8
ugni,8
fulkin,8
ittffu,8
idrizn,8
afars,8
afr,8
unmgal,8
tfadiwin,8
éléments,8
apuleius,8
asnus,8
tlatinit,8
atnt,8
ufullus,8
tiglay,8
tuddurt,8
rrabu,8
unb,8
lanti,8
zzrin,8
tiggura,8
tabldit,8
lid,8
irn,8
kaygat,8
unbdad,8
tisusiyin,8
contes,8
illu,8
nnek,8
re,8
lubnan,8
maison,8
amrec,8
ziri,8
anaruz,8
omar,8
ikcem,8
agrzam,8
ccn,8
fruit,8
salem,8
articles,8
isufa,8
iqqu,8
ittajja,8
awras,8
rrim,8
usurar,8
musku,8
wurar,8
dart,8
asnuml,8
kiwin,8
afaris,8
rd,8
nombre,8
nord,8
tacinwit,8
walid,8
non,8
agdal,8
corps,8
ajddig,8
nssa,8
tast,8
swid,8
uflay,8
usujji,8
tasasfrt,8
agafay,8
twallin,8
amen,8
ssudan,8
tnsmunt,8
tasdlist,8
amuri,8
wassad,8
rabi,8
uskkin,8
tgga,8
asnfl,8
asd,8
nrar,8
moroccan,8
tazrawt,8
ijran,8
usyafa,8
nssen,8
mugadur,8
kk,8
akccum,8
tamnukda,8
tiqqbilin,8
imurs,8
ingliz,8
tamirikanit,8
ilaw,8
tsawrt,8
francesco,8
imursn,8
twlafin,8
issudan,8
yina,8
domenico,8
tflwin,8
tklut,8
ikks,8
ujddig,8
izda,8
alib,8
ibiddn,8
warrawn,8
uzemz,8
xizzu,8
ttirir,8
mkli,8
tassasin,8
ugdal,8
ddant,8
llyali,8
kuyan,8
ilf,8
arminya,8
asqqim,8
igwanciyn,8
brayr,8
rrbat,8
description,8
umur,8
isbdd,8
fllasnt,8
isiggiln,8
tnflit,8
tmssagurt,8
nsan,8
imnadn,8
issusm,8
amrruki,8
nsrs,8
lmdn,8
asgzl,8
aydd,8
usayrar,8
schwarz,8
stirling,8
ijja,8
international,8
fibrayr,8
asfuglu,8
umsawal,8
icinwiyn,8
sr,8
imrab,8
isi,8
layat,8
iqqburn,8
ticl,8
tlwat,8
tzdugi,8
life,8
tkkatinn,8
imj,8
ihdumn,8
uyyit,8
agrram,8
southern,8
tmunt,8
yufi,8
turu,8
sudan,8
salah,8
nsu,8
umezruy,8
tskrt,8
rigin,8
ingg,8
usfsr,8
yirir,8
balhwa,8
amarir,8
macan,8
rwica,8
qil,8
tassfift,8
tizlatin,8
imki,8
ttalsn,8
publications,8
france,8
série,8
société,8
badduj,8
kurunafirus,8
tufrayin,8
glin,8
tumlilin,8
aqqbil,8
tagamant,8
iguzuln,8
syafan,8
alami,8
music,8
ukaba,8
tigra,8
blandr,8
byugra,8
ilmawn,8
agriki,8
tumz,8
tiyyat,8
wujda,8
timqqranin,8
iwl,8
tamntilt,8
ayyaw,8
asmil,8
yisem,8
ludovico,8
tnzggit,8
usgraw,8
tagmamt,8
frantcisku,8
uyad,8
tett,8
république,8
swisra,8
ifawn,8
amzwar,8
uglam,8
umstan,8
asiggl,8
yuzn,8
tagllidt,8
gwatimala,8
udllis,8
tujja,8
tkkal,8
aclu,8
tgrtilt,8
clu,8
hans,8
shillah,8
thèse,8
isuf,8
isfra,8
tazmrt,8
kanada,8
nili,8
qar,8
immalan,8
bas,8
babak,8
anna,8
medden,8
irgazen,8
tamment,8
tglay,8
mer,8
mud,8
ififl,8
utmani,8
tsertit,8
nyutun,8
signification,8
inconnue,8
touareg,8
vie,8
région,8
ikurdiyn,8
ifa,8
yakuc,8
twsatin,8
yusan,8
izrzr,8
ittum,8
ufrak,8
tawda,8
aku,8
rrays,8
mba,8
amzgun,8
kamal,8
talb,8
lbu,8
yâden,8
dark,8
lmk,8
ww,8
ittuysawaln,8
ttannayn,8
mona,8
tazzulant,8
umnay,8
isnifiln,8
insayn,8
paulette,8
pernet,8
ismann,8
thami,8
kki,8
lkttan,8
amirikani,8
taine,8
mus,8
meskin,8
izayd,8
rb,8
enna,8
maghreb,8
isagurn,8
lxlift,8
massinisa,8
tsi,8
ssun,8
tiskt,8
asli,8
tasngama,8
taggayin,8
uzi,8
qq,8
tajllabit,8
tturar,8
umallay,8
faraj,8
initiation,8
amut,8
bum,8
anagraw,8
istis,8
tazdwit,8
tanafllat,8
tdrfit,8
tasulant,8
yacine,8
tisamiyin,8
tiyi,8
almansur,8
tafrka,8
ilal,8
es,8
tasult,8
ijen,8
idamn,8
tatsrrt,8
dimsit,8
usnmarra,8
nag,8
ilsawn,8
chaouia,8
usmdya,8
chleuhs,8
trgalin,8
tadgg,8
tashlhiyt,8
linguistics,8
grammar,8
iznassn,8
timtta,8
blench,8
yahuda,8
bddn,8
tnnu,8
tafawwut,8
tawssart,8
agnsu,8
issdus,8
lhnna,8
wawtay,8
ruray,8
smnidn,8
tamdrawt,8
rasulu,8
imurarn,8
uwcn,8
irnan,8
udewwar,8
lyyu,8
tanara,8
tamllil,8
imzruyn,8
tskk,8
tmskirin,8
tmarirt,8
ugntaf,8
tilal,8
maju,8
inwan,8
izwwaqn,8
uji,8
iru,7
tallit,7
ussi,7
tadrawt,7
tfr,7
iwrri,7
unen,7
ittyara,7
azzigz,7
wiyyad,7
lqist,7
rayn,7
abxazya,7
tixatarin,7
ufars,7
llat,7
online,7
empire,7
yaz,7
tazgzawt,7
agdudan,7
uwra,7
ikkattin,7
ttim,7
tkklit,7
uzwaq,7
iqqur,7
turin,7
addagn,7
umazzal,7
yadli,7
tagjdant,7
tiz,7
los,7
ittuym,7
zza,7
bumzruy,7
sirwa,7
ufunas,7
yilm,7
ggudin,7
matn,7
isk,7
uflsaf,7
iblkimn,7
imyallan,7
isnfl,7
mayu,7
tawtmt,7
idis,7
ribiyin,7
tadawt,7
uq,7
yakk,7
smman,7
anflla,7
tzwiri,7
unm,7
tumzin,7
unzar,7
irzm,7
ville,7
abr,7
tamddurt,7
assit,7
rachid,7
timzray,7
tnglizit,7
rabin,7
ittyawskar,7
université,7
anini,7
taran,7
tasertit,7
lgddam,7
ans,7
usuds,7
tniri,7
askkur,7
umyag,7
royal,7
watch,7
ati,7
tggut,7
tusdidt,7
igmma,7
usddi,7
adad,7
icel,7
adslan,7
tst,7
mlyar,7
tnqqa,7
wit,7
tamasi,7
ghas,7
pierre,7
or,7
uzraw,7
allal,7
tettyawskar,7
antonio,7
aqhwi,7
imqqran,7
ubijju,7
arsmuk,7
adwas,7
pain,7
afasi,7
afra,7
branche,7
petit,7
azrg,7
angiwin,7
itrarn,7
nlla,7
tuzd,7
tssnta,7
anck,7
taswingmt,7
dal,7
taflla,7
law,7
tami,7
hulanda,7
tmsart,7
aran,7
takuyast,7
issan,7
yuddjan,7
agjdan,7
ikccm,7
timsmunin,7
uwngm,7
agadaz,7
iggudin,7
nisin,7
cin,7
tklit,7
amnad,7
agrik,7
unzi,7
imqquren,7
zrint,7
inbba,7
manin,7
yiwrri,7
afrux,7
iqqa,7
znata,7
igamann,7
ismlaln,7
amzyan,7
ibbas,7
ittlmad,7
ubrun,7
ttyawssannin,7
lorenzo,7
ittyaw,7
madonna,7
izmmim,7
unggaru,7
ittufka,7
yajj,7
taglizt,7
riyt,7
swurrin,7
système,7
ittun,7
walim,7
wallal,7
uyafu,7
asegzawal,7
bit,7
trakalt,7
mast,7
adday,7
task,7
uslway,7
isalan,7
yanf,7
sawalnt,7
uhuy,7
rat,7
lmcmac,7
lbahim,7
irgn,7
ray,7
fit,7
bay,7
mmr,7
arukas,7
tskflt,7
asmlussan,7
usmlussan,7
ingrawn,7
ibrin,7
ilikitn,7
tasnaggurt,7
ussissn,7
tamasayt,7
awsan,7
iswingm,7
anmhal,7
isnfarn,7
tsmd,7
unzgum,7
tmssugurt,7
yiwsn,7
usku,7
asnulfu,7
uylli,7
tawngimt,7
ttun,7
mrruk,7
ssm,7
iqbayliyn,7
asg,7
lqayd,7
imt,7
isbidd,7
tigjdanin,7
tasl,7
agtful,7
amssuds,7
alan,7
uselkim,7
lft,7
ismas,7
lexique,7
rda,7
binomial,7
tamaddast,7
igutn,7
admsan,7
issutr,7
uswami,7
ityawssan,7
zzaf,7
isnnan,7
ungisn,7
utwal,7
ttaws,7
imslmn,7
igrikn,7
wada,7
dihya,7
micil,7
ign,7
racid,7
tribu,7
risn,7
iccan,7
ssmrsn,7
iwssarn,7
tgdudant,7
zzitun,7
muha,7
iftu,7
tilgg,7
bbas,7
ikccu,7
tazzult,7
tsman,7
kl,7
umarir,7
trsal,7
tzwar,7
tizlit,7
yuls,7
mam,7
introduction,7
littérature,7
chansons,7
notes,7
boumalk,7
actes,7
iluf,7
xas,7
lml,7
dwrn,7
tinn,7
izuzzur,7
idru,7
tigg,7
ujmak,7
targa,7
ttqqac,7
zagura,7
tfulki,7
tar,7
tqqn,7
izuydn,7
izwan,7
kalifurnya,7
azkka,7
liza,7
yufn,7
barsaluna,7
buylmawn,7
ilssa,7
tflsaft,7
irlanda,7
nngliz,7
landa,7
qqizt,7
umda,7
iyy,7
tadmsant,7
mdin,7
tgu,7
gras,7
tadzayrit,7
imsnilsn,7
tntlayin,7
aytmatn,7
tem,7
yuru,7
zdinin,7
ccita,7
fresco,7
temdint,7
ubaba,7
arif,7
mayann,7
amidi,7
talbnsirt,7
aja,7
ttara,7
tasnamunt,7
amour,7
pays,7
maryam,7
agi,7
iii,7
zayn,7
taynit,7
pavya,7
issinn,7
tagda,7
ifls,7
semmus,7
tuttra,7
girolamo,7
renaissance,7
sim,7
lfiqh,7
makka,7
liyn,7
tandalusit,7
faris,7
signifie,7
ce,7
tintlayin,7
aqdim,7
ji,7
lmaz,7
anti,7
marrakech,7
haut,7
justinard,7
laoust,7
bulletin,7
lwi,7
ebsi,7
tame,7
aggur,7
ic,7
igenwan,7
band,7
ssuf,7
imarawn,7
taga,7
tasnudert,7
taruct,7
janti,7
iqq,7
gik,7
tkkat,7
agharas,7
tut,7
nega,7
mra,7
iles,7
tattuy,7
udustur,7
rir,7
timzgit,7
darsen,7
tasmkta,7
ethnonyme,7
amazighs,7
fils,7
amnay,7
ayndi,7
wen,7
hasan,7
zzin,7
idl,7
sm,7
amukris,7
ggu,7
ilmmad,7
walaynni,7
tuja,7
uliman,7
imariren,7
ayenna,7
tiri,7
yiwis,7
tafaska,7
nnag,7
akttay,7
umiyt,7
udda,7
ittnba,7
talyan,7
lonardo,7
oxford,7
imqrann,7
udwwar,7
timzgid,7
myarn,7
ljdid,7
dayak,7
sociale,7
isbu,7
idisken,7
usni,7
tzd,7
usint,7
qqa,7
ittn,7
lbaraka,7
tagat,7
yenna,7
après,7
ffu,7
induzal,7
imrzzutn,7
texte,7
irifiyn,7
mmadya,7
anus,7
ilelli,7
yirm,7
trnnawt,7
tewrerrayt,7
tarragt,7
alawi,7
bunu,7
bdallah,7
ardal,7
taddangiwin,7
dag,7
sida,7
africa,7
imsar,7
alibi,7
tasilant,7
tettusmras,7
usmzazal,7
ibnan,7
rifain,7
vih,7
ihrcn,7
tamtta,7
islan,7
lbni,7
izrfann,7
tmrniwt,7
ilaq,7
twngimin,7
iffrn,7
tasnurayt,7
tradition,7
tiwwutci,7
asusru,7
timijja,7
fan,7
nican,7
allant,7
raja,7
sportif,7
ttya,7
ljabr,7
ilugan,7
tarifiyt,7
ttyuran,7
isnubbucn,7
peeters,7
grammaire,7
manuel,7
izna,7
chaoui,7
frah,7
constantine,7
imsislitn,7
schwa,7
umanst,7
kb,7
yernu,7
tntala,7
maren,7
tettu,7
catherine,7
cleopatra,7
amrzu,7
awl,7
tgnawit,7
takrrayt,7
klyupatra,7
nansi,7
yiman,7
janbiyyi,7
irni,7
twayya,7
umari,7
toki,7
pona,7
ublu,7
tfaskiwin,7
wanck,7
kulunya,7
jastinyan,7
tunzi,7
ixxurban,7
sslsn,7
inzitn,7
sswan,7
tiwan,7
tanggift,7
rix,7
tamsswit,7
imlal,7
lipitsk,7
taskra,7
nnijt,7
ubitu,7
alit,7
asgawan,7
ixxan,7
imssu,7
tuzunin,7
giliz,7
umdis,7
issqfan,7
ismriqqiyn,7
immrwin,7
tzuni,7
anurs,7
tizrarin,7
smit,7
lbdi,7
lmuwasin,7
lkanis,7
wuttci,7
nwis,7
urnnu,7
tsti,7
trg,7
ujnwi,7
bar,6
hun,6
ttiknulujya,6
kruz,6
work,6
écriture,6
lexieam,6
muhmmad,6
ittnunnt,6
hurayra,6
abubba,6
jurjya,6
thomas,6
rwal,6
yilel,6
listi,6
tettrs,6
cra,6
gga,6
wann,6
tamdayt,6
immu,6
ujjig,6
amjahdi,6
usgzl,6
tayda,6
taqqa,6
tikiwt,6
ifrawen,6
raf,6
lmadani,6
afriqi,6
artn,6
ittwassan,6
wanatn,6
lssant,6
tnafutin,6
imdn,6
uksijin,6
ikrurann,6
izgan,6
tnfalit,6
fl,6
ikimayn,6
imassan,6
taflsaft,6
tafullust,6
abldi,6
rmtt,6
buwmzruy,6
tiklit,6
ibrtqqizin,6
mazagan,6
ibridn,6
taft,6
tadmsa,6
amadlan,6
timqranin,6
ttyawskarn,6
isslkmn,6
kulu,6
dawd,6
jacques,6
ixrban,6
ibr,6
manka,6
tsfifin,6
talsn,6
gigan,6
iceqqan,6
agellid,6
zdar,6
ffaln,6
king,6
asr,6
congrès,6
abdelmalek,6
mellal,6
afrika,6
tef,6
marocaine,6
blog,6
afrruy,6
tdus,6
hebrew,6
dim,6
tamlmadt,6
ajmak,6
co,6
sol,6
tasnakalt,6
uyn,6
lluy,6
anr,6
maf,6
asnmala,6
brazil,6
trusit,6
miwin,6
yyl,6
infrayn,6
yellan,6
historique,6
temps,6
relatif,6
nouvelle,6
conte,6
ttussann,6
uzddar,6
aljibr,6
amskar,6
ulugaritm,6
uzdir,6
lalt,6
sd,6
ibuxxucn,6
tinglizit,6
ittannay,6
slimane,6
djurdjura,6
mimoun,6
tartit,6
se,6
beau,6
fort,6
bassin,6
amksa,6
eau,6
été,6
tasffift,6
tiyt,6
bdan,6
neg,6
awtay,6
ahindi,6
usmaynu,6
ittmun,6
tayyuga,6
uzzray,6
layin,6
ilel,6
ifi,6
ja,6
tansmunt,6
yils,6
kccmn,6
ftun,6
amant,6
ugaru,6
wafud,6
anslm,6
ern,6
jaj,6
amzaz,6
timmuz,6
iqbiln,6
ixwan,6
yisin,6
tallasin,6
tazit,6
amzray,6
qbel,6
ukm,6
umazan,6
ditsn,6
umawiyyin,6
nkku,6
uckand,6
ifiniqin,6
itanya,6
njit,6
umanit,6
imkrazn,6
yinlmadn,6
tyubna,6
usmlal,6
tinmel,6
imnza,6
ttlmadn,6
tusdidin,6
usmrs,6
sgaddan,6
tsawert,6
tiflwin,6
tugna,6
tekka,6
giovanni,6
ttafan,6
angad,6
afukan,6
tkkad,6
assuf,6
moderne,6
taqu,6
imaddarn,6
ai,6
isutar,6
inkan,6
mel,6
imyar,6
mid,6
trga,6
bub,6
ittya,6
alig,6
jin,6
srsnt,6
ttggant,6
waqqayn,6
iguyya,6
zznzan,6
tqqa,6
yafn,6
ittak,6
imslitn,6
uswuri,6
asmata,6
tawinst,6
ittacka,6
ust,6
usegg,6
klm,6
atlass,6
bid,6
ingi,6
sbu,6
urika,6
yidrarn,6
watlas,6
amna,6
aggugn,6
agaru,6
ujdir,6
yin,6
bdl,6
tugniwin,6
ammasn,6
tina,6
tsnilst,6
ifggagn,6
yussan,6
irummiyn,6
nwanbir,6
ari,6
yaw,6
inamunn,6
ugar,6
wiya,6
tibratin,6
tanfrut,6
tagmrt,6
ici,6
ittyu,6
isfka,6
usnml,6
imzwwra,6
wanawen,6
tafegga,6
iqqcran,6
noms,6
nsiggil,6
amer,6
irm,6
sfuglan,6
amzraw,6
yilin,6
yilli,6
abrnus,6
ax,6
laya,6
rwln,6
anm,6
kg,6
lhna,6
ifalki,6
lglawi,6
isil,6
xtad,6
hijrya,6
roux,6
attuynin,6
bulman,6
babatsn,6
amzn,6
imikr,6
skar,6
tamart,6
izzlm,6
ttma,6
tanfgant,6
tanzbayt,6
uzgg,6
tayniwt,6
tiws,6
pages,6
anb,6
uggurn,6
askka,6
tswuri,6
isrg,6
ddrnin,6
luma,6
tisit,6
issntan,6
isnfln,6
lh,6
inkrn,6
irms,6
tggant,6
lmizan,6
itiknulujiyn,6
imzrawn,6
ifilu,6
frkn,6
issusmn,6
lka,6
mimun,6
wansatn,6
ttwassn,6
vers,6
edition,6
poèmes,6
mallal,6
française,6
poétique,6
muc,6
itab,6
iggz,6
mqqa,6
mada,6
mmrwasn,6
gnawa,6
tagnawit,6
amyun,6
tzrit,6
tlkmt,6
sgisn,6
tbdr,6
cinwa,6
ifirusn,6
timqqa,6
iggr,6
center,6
umurs,6
ittwassnn,6
ixcnn,6
ubama,6
tigrawin,6
tgrawin,6
ql,6
ssim,6
carl,6
bruksil,6
digne,6
amtwal,6
butfunast,6
imxxarn,6
ifassen,6
uguns,6
dranin,6
tmawayin,6
tmmt,6
danimark,6
ittyusawaln,6
wuslig,6
izwaren,6
tmettant,6
tfelwit,6
kkanin,6
ijlan,6
jlan,6
tamarat,6
book,6
amq,6
tamgudt,6
dg,6
tzrirt,6
bien,6
yag,6
ijddign,6
takuyasst,6
abuniq,6
ccil,6
tmskrt,6
firru,6
tdyazt,6
ufasr,6
london,6
miksik,6
imran,6
zifn,6
asid,6
tome,6
khaldoun,6
schulû,6
schil,6
vous,6
out,6
other,6
but,6
isnamk,6
amay,6
drusnt,6
rené,6
victor,6
essai,6
tugr,6
ynna,6
kkr,6
unsib,6
rrb,6
alma,6
rid,6
bdullah,6
tumast,6
talat,6
aghyul,6
fllak,6
iskaren,6
tumzîn,6
wer,6
ttâlb,6
igguten,6
tufa,6
ygan,6
tirit,6
adlli,6
timntal,6
espoir,6
celle,6
touarègue,6
yeux,6
touaregs,6
azzan,6
biographie,6
haqq,6
salim,6
yusuf,6
iv,6
ier,6
tariq,6
tfiyyi,6
mmed,6
tzzigiz,6
tcc,6
ifrk,6
lknz,6
uku,6
iskraf,6
mit,6
tagrawlla,6
aqql,6
juba,6
ildi,6
waliman,6
ittuyskarn,6
asakni,6
mlad,6
nnad,6
inmuqqarn,6
jibril,6
ttbu,6
uzyyn,6
ittackan,6
trifit,6
zr,6
jddis,6
ttagg,6
inba,6
lki,6
légende,6
nijir,6
louis,6
irnu,6
akci,6
tiq,6
yaqra,6
tmsult,6
lida,6
izikr,6
tallat,6
isaqsa,6
radyu,6
iggawr,6
traduction,6
xi,6
umann,6
tmyaqqant,6
ttyussan,6
itawsan,6
twrglat,6
ikkin,6
leipzig,6
tasiwit,6
yugga,6
ju,6
tanafgant,6
timskrt,6
tidiklt,6
zwr,6
asqsi,6
twsit,6
tutlayant,6
nijirya,6
aynin,6
iwddjan,6
mmart,6
isrsn,6
tamyiwnt,6
tourisme,6
voir,6
ifrsn,6
bismi,6
babam,6
tegrawin,6
zuhr,6
nzi,6
tigamanin,6
adjectif,6
tizuzaf,6
anfgan,6
tdrfiyin,6
immuddu,6
ufran,6
isswu,6
entretien,6
asbdad,6
tinzikk,6
ljic,6
uknari,6
nssuf,6
unamun,6
oujda,6
arig,6
lawan,6
kkatnt,6
tigmu,6
tasknit,6
tugg,6
timzgadiwin,6
ilugnn,6
usgzawal,6
umsnils,6
tajanat,6
zerrad,6
umarit,6
ssfldn,6
tasnmslit,6
mémoire,6
parlers,6
rendus,6
geuthner,6
mercier,6
masqueray,6
zenaga,6
sslkmn,6
aspinion,6
madrid,6
tkurdit,6
december,6
anglais,6
yimsli,6
yirucalayim,6
tatiknit,6
ibrr,6
talgi,6
kyiv,6
darm,6
tluluct,6
tgg,6
tflut,6
ittagg,6
izmr,6
ifalan,6
odes,6
nabulyu,6
uca,6
idwl,6
zffar,6
wenni,6
zagur,6
taylalin,6
tarzzift,6
tgid,6
islla,6
ibrgmmi,6
tidett,6
utrms,6
tnu,6
tartaglia,6
lanfry,6
ikaba,6
inmmudda,6
adhbi,6
tifalkayin,6
udwal,6
urmmus,6
tmqqunt,6
issk,6
nqq,6
tssfal,6
tasklant,6
umdi,6
tnfult,6
asklan,6
wantimn,6
ungi,6
lfakit,6
tmaririn,6
timsswit,6
umbit,6
lsan,6
wacnt,6
issfaln,6
sawra,6
idawltit,6
utciha,6
ajgun,6
tif,6
afsad,6
urwass,6
ittustay,6
lfuqqiyya,6
tzuna,6
tasayst,6
dmmi,6
tmuzunt,6
tacblit,6
usqqif,6
tsaratin,6
bbanit,6
usafu,6
tmlalt,6
tiqubba,6
tzrarin,6
tmzgidawin,6
lmna,6
azzgza,6
isalayn,6
ittuyassnn,6
lmluk,6
lift,6
tgzzayt,6
usnfli,6
usgdz,6
mswi,6
tanast,6
limus,6
inmrann,6
tskfal,6
tskala,6
izwal,5
asbu,5
kilugram,5
dula,5
fatta,5
bbu,5
michelle,5
ismuna,5
gam,5
alphabet,5
inmuran,5
igra,5
allen,5
menck,5
ismunan,5
waylal,5
gzzulnin,5
imddukal,5
lmdint,5
takrza,5
abkhazia,5
page,5
publication,5
united,5
afidyu,5
icnyaln,5
iklan,5
tamsalt,5
uzgzaw,5
galili,5
unct,5
iddnkay,5
ablulu,5
amazzal,5
discours,5
azar,5
alili,5
igjdi,5
armas,5
afnin,5
iqn,5
ammln,5
ugrzam,5
izlin,5
tmggit,5
nbut,5
iwr,5
adt,5
awssar,5
agnaw,5
igad,5
talik,5
anas,5
ttyufan,5
wuksijin,5
yallfus,5
ifki,5
tazdawant,5
butussna,5
afulay,5
ahras,5
tnfust,5
works,5
list,5
manta,5
ayya,5
ifullusn,5
ibdrn,5
lmasi,5
twrirt,5
gra,5
mmutnin,5
yillis,5
unbba,5
tgadirt,5
tssu,5
tusdadt,5
arki,5
taqqburt,5
taskflt,5
awrir,5
thulan,5
ljnt,5
bibn,5
ensa,5
uzddu,5
unzu,5
fkin,5
lbri,5
tsmuna,5
lhul,5
nsmun,5
myya,5
andré,5
adam,5
mur,5
ufn,5
agama,5
asfru,5
tarwas,5
drrit,5
iffal,5
izwur,5
middle,5
urdun,5
tuddist,5
tafat,5
amrruk,5
isnfiln,5
rba,5
axyya,5
harun,5
tilin,5
attn,5
uksay,5
ittug,5
marn,5
isnfaln,5
itargin,5
izur,5
immrksn,5
tswingmt,5
rem,5
tanzzarfut,5
cast,5
encyclopedia,5
ntt,5
tifilin,5
ifrki,5
ugguz,5
aswuri,5
amufay,5
tabrza,5
ittuskir,5
amunt,5
isurarn,5
tfsr,5
imawasn,5
aksil,5
wahran,5
aliksandr,5
petite,5
feu,5
dame,5
jeunesse,5
gallimard,5
ayafu,5
produit,5
tmzaray,5
vincent,5
isnmal,5
aydatn,5
tazllumt,5
fonction,5
base,5
partie,5
general,5
wag,5
tinzrufin,5
liwin,5
isddi,5
usnin,5
irkan,5
massinissa,5
mohand,5
takfarinas,5
tinariwin,5
ventre,5
adis,5
grande,5
afar,5
enclos,5
agalim,5
miel,5
orge,5
premier,5
première,5
awallu,5
agmmu,5
amgdul,5
asngar,5
celui,5
azzar,5
rrways,5
idlsann,5
iwizn,5
usqqul,5
kmmi,5
qqazn,5
jjin,5
nddu,5
unaruz,5
cngi,5
itussan,5
nsant,5
imdla,5
waw,5
atsn,5
tifilt,5
tazrfant,5
hikta,5
idmarn,5
timrsal,5
izzrayn,5
zzrayn,5
amalu,5
agru,5
ancient,5
urrint,5
urrin,5
tgt,5
umiy,5
tbridt,5
yuwin,5
ntini,5
allas,5
iqa,5
mdrar,5
lmariniyyin,5
tml,5
alil,5
ssbab,5
isnfal,5
mlan,5
tsutin,5
lqi,5
tglda,5
yllan,5
irwln,5
acid,5
alawin,5
yurrid,5
ccrif,5
ttak,5
mag,5
tiqqbu,5
amqq,5
bdant,5
tiskrt,5
izwiln,5
ilawn,5
reel,5
botticelli,5
vinisya,5
zzwaq,5
isfrisn,5
usfris,5
ittazzal,5
ittyawssanen,5
piero,5
asegg,5
ikllu,5
yig,5
uzlma,5
yixfawn,5
design,5
désigne,5
usaka,5
amasi,5
nibtun,5
kudd,5
unammas,5
arrn,5
amntul,5
unyu,5
aflsuf,5
dadda,5
information,5
tferkiwin,5
camps,5
dieu,5
ttmunn,5
ittmussu,5
tamuni,5
tarabut,5
irafan,5
wayyâd,5
fk,5
ibid,5
nuwambir,5
lkmnt,5
lim,5
fiyt,5
skarnt,5
micc,5
tssa,5
qqnn,5
bbad,5
its,5
ikkatin,5
izznza,5
yawit,5
aridal,5
iskkirn,5
tugduda,5
taknarit,5
mriwin,5
red,5
amyan,5
ttmunnt,5
usissn,5
urkimn,5
tanu,5
juin,5
iwaliwen,5
ulen,5
kilumi,5
ccawn,5
sxman,5
idrura,5
tunfit,5
tayma,5
iqqim,5
uzwinti,5
ayg,5
usistn,5
timazzalin,5
imsiggiln,5
usnmili,5
tussnant,5
tnbdadt,5
yinaw,5
amsiwl,5
tuskiwin,5
tuddsa,5
tzzri,5
usmsasa,5
iskan,5
asddi,5
tbdda,5
ws,5
tmktit,5
jirman,5
yits,5
uzdduy,5
anzzarfu,5
igrawn,5
iflt,5
tadusant,5
national,5
santé,5
gov,5
angliz,5
tidjiw,5
umni,5
icetta,5
takniwt,5
daln,5
ikmmln,5
izi,5
imkku,5
ullus,5
tazwart,5
tifadiwin,5
asrdun,5
yyul,5
mya,5
ttgga,5
tnamunt,5
adrfi,5
tsnamk,5
afris,5
afen,5
liqamt,5
winns,5
inta,5
sgg,5
tkssa,5
umliln,5
tida,5
bubkr,5
zinb,5
ugmma,5
uzuzwu,5
liste,5
tujrart,5
skcmn,5
asakud,5
skarnin,5
siècle,5
study,5
dialect,5
imrza,5
tnbba,5
organisation,5
kiyyi,5
aqccab,5
lmakan,5
zri,5
mmalan,5
tnb,5
umulli,5
issb,5
azllum,5
gisent,5
azerf,5
environment,5
isawwal,5
iswwrayn,5
ifrisn,5
swuruyn,5
ilasn,5
tumayt,5
isunfu,5
ruma,5
abazin,5
takri,5
astay,5
tsukt,5
asrag,5
tskcm,5
tizzwit,5
ittyassn,5
imprimerie,5
louvain,5
nouvelles,5
canada,5
pas,5
yuws,5
ihrc,5
kufid,5
tirabbutin,5
bnin,5
tzdgi,5
igamiwn,5
iffaln,5
abudrar,5
iffuglutn,5
allsn,5
ttllin,5
acddad,5
wacin,5
ucnt,5
iwnnan,5
tuggkal,5
ittyuzmmam,5
ufirus,5
kurunavirus,5
attay,5
isrgn,5
tissumga,5
ttaweynin,5
assay,5
utbir,5
zrayn,5
nkkni,5
yitran,5
tsnni,5
izag,5
tettyubna,5
imqqrann,5
anga,5
tsnurayt,5
ajn,5
ubddad,5
yizriran,5
tisqqan,5
solo,5
parigi,5
adabu,5
iggura,5
zran,5
bilmawn,5
isarutn,5
lwalid,5
murakuc,5
useggas,5
ssutlnt,5
niya,5
hay,5
timawayin,5
sheshonq,5
innra,5
ibya,5
uppa,5
talibit,5
tiwl,5
afllay,5
tafrikt,5
almdin,5
istawhmma,5
isugrn,5
usira,5
sala,5
sent,5
november,5
ilkim,5
ttirin,5
rnun,5
social,5
bugafr,5
ilmdn,5
modern,5
sskkar,5
amsddam,5
imyagn,5
isnuml,5
ikcim,5
amsnitri,5
imusnakn,5
issumr,5
trwl,5
tamara,5
tansba,5
urmn,5
ufssay,5
firrari,5
immuti,5
ubniq,5
europe,5
northern,5
tasblyunit,5
tdrawt,5
ikccumn,5
kasra,5
amkras,5
ssl,5
irwl,5
taridirt,5
wili,5
découverte,5
occident,5
arab,5
useggwas,5
inumidn,5
axyam,5
mot,5
ancienne,5
hui,5
nations,5
nsiggl,5
irimn,5
timzarayin,5
marocains,5
uknsus,5
ultit,5
ylla,5
imirn,5
lumière,5
teqbaylit,5
nsent,5
tawila,5
ikra,5
herkulis,5
izil,5
yamz,5
rast,5
issmrs,5
swwurin,5
tram,5
sti,5
tudmawin,5
ssif,5
tuli,5
azzl,5
izwa,5
itunsiyn,5
iya,5
didsn,5
ighrm,5
inmmaln,5
imzaray,5
adû,5
idrimen,5
ixlu,5
lgirra,5
iqqes,5
iglgiz,5
ter,5
asent,5
xes,5
itfr,5
tigemmi,5
taqqurt,5
nnqqrt,5
taltmsn,5
kin,5
skaren,5
laws,5
belle,5
cœur,5
tilila,5
adal,5
auteur,5
aslal,5
orientale,5
tête,5
zeg,5
imzgi,5
ahmad,5
yazid,5
augustin,5
zidane,5
eclipse,5
fin,5
hicam,5
abdel,5
yusef,5
walf,5
abdari,5
ttaw,5
imgrad,5
zriyn,5
idinann,5
tagudi,5
igigil,5
nduy,5
times,5
lhusayn,5
tamzgunt,5
tagruppit,5
guss,5
asgzawal,5
trois,5
tammallayt,5
laswis,5
tmasayt,5
nne,5
ittemnid,5
arqqas,5
lmalak,5
tifugliwin,5
nbi,5
usekkil,5
yssnn,5
cca,5
axnnuc,5
umiyin,5
tmla,5
racines,5
lang,5
inflas,5
luksmburg,5
anlmad,5
qad,5
injil,5
asidd,5
tunu,5
riyn,5
usga,5
biography,5
timggura,5
winnun,5
kyyin,5
xuya,5
taml,5
yagurn,5
das,5
ittmattay,5
je,5
tftu,5
iysan,5
taggalin,5
furmila,5
inbrazn,5
nait,5
almu,5
xklli,5
bubakr,5
isffa,5
ullah,5
rwa,5
awk,5
lbab,5
walayni,5
fella,5
xalis,5
sawal,5
lahêbab,5
yyid,5
unzbay,5
issim,5
chafik,5
zin,5
wwar,5
tizrawin,5
choukri,5
inra,5
iktarn,5
tgrummawin,5
kaysar,5
nnijin,5
asmrs,5
sdi,5
aguzul,5
tamdult,5
tawrglat,5
document,5
azm,5
tmsdagt,5
cinq,5
iflsafn,5
imzrayn,5
inmudda,5
twalit,5
rni,5
lmacari,5
mist,5
gitsnt,5
banu,5
yif,5
imasi,5
amurakuc,5
ittasi,5
utin,5
imttawn,5
tifinagh,5
wajn,5
akimi,5
lamrani,5
azuzzr,5
umza,5
tettaws,5
siggiln,5
tazgawt,5
ulan,5
icumac,5
awint,5
trbit,5
tamghra,5
oumar,5
tafizikt,5
tisnsit,5
azzulan,5
ulugn,5
izuzzr,5
asgmi,5
évolution,5
ittusmaynun,5
taqqu,5
xii,5
tassadit,5
mots,5
tuzlt,5
ittwazlamn,5
tukzin,5
adahbi,5
tfta,5
lknist,5
itam,5
yatn,5
tswingt,5
rigt,5
cambridge,5
munt,5
wunti,5
alibu,5
tettuzmmam,5
ssutrn,5
tillirin,5
bala,5
aïn,5
ttwa,5
asnfar,5
timttiwin,5
tettyara,5
kel,5
warayn,5
uli,5
hiragana,5
riadi,5
meknès,5
wydad,5
ssntint,5
uzun,5
nibun,5
yajddig,5
amyawa,5
timatayin,5
tdurabbut,5
tulayt,5
infusn,5
usrtan,5
tiwnt,5
verbes,5
sociolinguistique,5
tafrusyawit,5
gratsnt,5
nlmd,5
comptes,5
sémitique,5
toponymie,5
studi,5
timslmin,5
edmond,5
inkliyn,5
urgiln,5
tsnal,5
unfiln,5
hinrichs,5
harry,5
linguistic,5
archived,5
original,5
ttyara,5
ussutl,5
imusnawn,5
yimlyunn,5
takurmanjit,5
yttmslayn,5
tlimant,5
snus,5
rüdiger,5
ttawrat,5
amit,5
verlag,5
tabiblyugrafit,5
ftan,5
ubi,5
trur,5
kmmin,5
tgn,5
tagn,5
tajj,5
ctta,5
tlu,5
niwi,5
tarragin,5
fik,5
zat,5
irkyulujitn,5
juzif,5
ffi,5
silini,5
ttahl,5
usgwas,5
nnegh,5
awgustus,5
tusridt,5
uzuzzr,5
tugi,5
cini,5
sadqi,5
imagradn,5
flnt,5
inmaggar,5
ugmam,5
ymma,5
uzawar,5
tnin,5
adda,5
rqqiyya,5
ikermen,5
annayat,5
percy,5
adraz,5
mhnni,5
tgjda,5
tanaft,5
usqqamu,5
tull,5
iwtman,5
tazmammart,5
intln,5
nato,5
drant,5
mmmsmd,5
taddminin,5
smann,5
ifckan,5
untimn,5
tuntulin,5
uzur,5
idu,5
turartt,5
ilbitn,5
tirlli,5
isulf,5
mgabalnin,5
mugadir,5
mamduda,5
umsar,5
umna,5
tudmawant,5
ahukagi,5
icinubiyen,5
immaqqar,5
sakra,5
twargit,5
ittawm,5
lkun,5
isfuglutn,5
tidili,5
uznmzzu,5
kccmnt,5
tsayst,5
akcit,5
tmlal,5
amajgal,5
tanafllatin,5
ittall,5
lmuddn,5
twjjiwin,5
tamawayin,5
wayniwn,5
uzzgza,5
tarkmamt,5
usfsi,5
tskra,5
uswuttu,5
taferka,5
tmharsa,5
isar,5
busksu,5
ismnid,5
lkyu,5
kat,5
tmssudutin,5
inzza,5
lfaytt,5
usgnf,5
klayn,5
gsk,5
lkulunil,5
tsddawin,5
ttyab,5
tmsswitin,5
tawur,5
iffhs,5
frisk,5
innazwan,5
uzdirn,4
ensist,4
joel,4
ford,4
wucn,4
aseskl,4
viza,4
mjjawi,4
dran,4
wanya,4
barbarie,4
aylaln,4
urmi,4
dna,4
anabawi,4
mrn,4
tnmmalin,4
tzga,4
ugris,4
president,4
official,4
bbc,4
institute,4
isnnann,4
provinces,4
tfult,4
ifransisn,4
jubitir,4
lkkmn,4
iyu,4
tangiwin,4
zgitsn,4
tayssa,4
iki,4
arg,4
tammayt,4
aknari,4
tiqqi,4
iwen,4
amyanaw,4
ane,4
izig,4
itbayyan,4
tfrawt,4
ittuysan,4
kosta,4
nul,4
izrayn,4
jazuli,4
micipsa,4
nettini,4
takurbiyt,4
unna,4
uduzwi,4
inza,4
ingmamn,4
ilafn,4
tiqqburin,4
ukfay,4
umagut,4
ablkiman,4
tikruranin,4
myallanin,4
uddis,4
infl,4
tazddagt,4
ttuygaddan,4
butler,4
apologia,4
text,4
ammak,4
cap,4
ittyafan,4
tnfulin,4
ccayx,4
taru,4
sbta,4
ibrtqizn,4
almani,4
rer,4
tuska,4
diy,4
kinya,4
ingliziyn,4
tumy,4
imqq,4
timura,4
tlmsan,4
imcgigiln,4
lblast,4
luqt,4
ssas,4
irgl,4
imlil,4
arts,4
métiers,4
hjmn,4
agizul,4
sgan,4
mck,4
izde,4
mamenk,4
iswan,4
sea,4
east,4
tturk,4
mondial,4
tagr,4
mellab,4
emtghren,4
pb,4
lyon,4
tiwizi,4
lme,4
ttyuskar,4
waggur,4
ayyawn,4
tansa,4
tbratin,4
ittyawskarn,4
masin,4
origines,4
aksay,4
amntil,4
ifunasn,4
izrzrn,4
jjim,4
uslallu,4
aqqay,4
nnat,4
tgmmaw,4
tanflit,4
iwm,4
tarwans,4
igarawn,4
aguman,4
alssi,4
ulssi,4
immussutn,4
cnrs,4
aqnqab,4
mgt,4
tmswitin,4
tazgga,4
imnalatn,4
yigut,4
tgariwin,4
ttuskarn,4
zzaft,4
unfray,4
uxatar,4
bijju,4
republika,4
degs,4
poésies,4
liberté,4
fontaine,4
eugène,4
capitaine,4
trad,4
entier,4
imsadn,4
ulili,4
anrar,4
timhal,4
uyda,4
ufaris,4
naturel,4
timrnit,4
negatif,4
umnig,4
tamhlt,4
ittigut,4
tyrza,4
droit,4
humain,4
amazighworld,4
tiremt,4
ttiri,4
jimhi,4
menguellet,4
ablu,4
abuka,4
buisson,4
doigt,4
montagne,4
pied,4
etc,4
irrigation,4
rouge,4
bon,4
doum,4
dattier,4
isdidn,4
champ,4
terre,4
feuilles,4
charrue,4
rayon,4
amggr,4
amgraw,4
amgru,4
asgrs,4
azuknni,4
djaj,4
issfld,4
yugm,4
tarmi,4
cd,4
didi,4
nekki,4
kn,4
kti,4
issudu,4
tssent,4
neffu,4
iznk,4
kas,4
iyya,4
iglli,4
tmdayin,4
uqyanusya,4
inen,4
tdgg,4
tattayt,4
amla,4
yac,4
chu,4
isgnafn,4
usmkl,4
ussutn,4
isbrrak,4
imnidn,4
irakaln,4
tcad,4
tsdlist,4
yudjan,4
balut,4
automne,4
askkin,4
tsa,4
ixssa,4
mamk,4
rray,4
tbadutin,4
imzzutn,4
azrmzruy,4
asuds,4
umwan,4
ittuy,4
ifiniqn,4
viii,4
ebbi,4
kcmnd,4
ittuyzda,4
tarix,4
imksawn,4
tsfalkay,4
tfunasin,4
trna,4
tngiwin,4
baga,4
ynb,4
asrdasan,4
amawi,4
isnba,4
tigldanin,4
nkkur,4
siwrrin,4
aydrisi,4
tidfrin,4
tmurs,4
ugint,4
timirikanin,4
imritln,4
usrus,4
ssk,4
ismmigln,4
iseggasen,4
iyyin,4
kamn,4
tummidt,4
tifulin,4
entre,4
complexe,4
tizwuri,4
yumzn,4
tatalyanit,4
sculptor,4
yuti,4
imussnawn,4
ilmed,4
iqqnen,4
teklut,4
guild,4
luke,4
umkla,4
anglus,4
usarid,4
relief,4
umaynu,4
tmamekt,4
ufella,4
tettufka,4
imeqquren,4
erban,4
amunen,4
solar,4
umahllaw,4
tasentrit,4
wannazn,4
taldrar,4
smass,4
ifx,4
alikt,4
ulant,4
antarktika,4
ijhdn,4
lfi,4
cubillo,4
iwanin,4
tfrn,4
yega,4
gabriel,4
akbur,4
ablbac,4
isggann,4
tirkmin,4
tamdda,4
dular,4
llit,4
irmi,4
takatin,4
yasen,4
tsgwin,4
heritage,4
ittaru,4
ssjrt,4
mnt,4
grrun,4
grun,4
smunan,4
ufiyyac,4
srusn,4
rgin,4
umlu,4
tazgmmut,4
lam,4
tmrragin,4
flan,4
bil,4
laksab,4
tifiyyi,4
azzgr,4
tqqu,4
north,4
mank,4
lmrs,4
ibdu,4
usqsi,4
asimwas,4
pitaguras,4
sinus,4
tanqqi,4
amezwaru,4
tetturruy,4
innayer,4
zzifnin,4
tzlatin,4
tafada,4
décembre,4
avril,4
mai,4
iyyirn,4
isaffen,4
sra,4
burgrag,4
taskkurt,4
turtitin,4
ttidirn,4
muluya,4
océan,4
dadd,4
rr,4
alilan,4
lawn,4
illuln,4
tsrtiyin,4
tillal,4
tysi,4
ibidagujiyn,4
ihiln,4
yijj,4
tisdawiyin,4
usayrur,4
isnmala,4
ssntin,4
unqqr,4
anyalkam,4
tadimuq,4
ziyad,4
dad,4
isin,4
asafu,4
tlgg,4
isrtan,4
skwilat,4
watign,4
tss,4
izrf,4
usg,4
uzarug,4
inkraf,4
amknas,4
saddn,4
nadur,4
onssa,4
missions,4
imuskirn,4
amaway,4
young,4
asagur,4
asnful,4
asayrar,4
mcb,4
uzkkur,4
aslkim,4
usnti,4
aram,4
mark,4
harvard,4
iwckan,4
aballa,4
amzil,4
aqqcur,4
ijjan,4
izimmer,4
ismiln,4
tummla,4
tinfulin,4
story,4
myunix,4
iska,4
tylgi,4
ussiriw,4
ittufkan,4
nik,4
tcel,4
amsnils,4
rapport,4
umgg,4
astci,4
issird,4
tsragin,4
irwa,4
cciba,4
zaydn,4
amyiwen,4
axnif,4
ubrnus,4
ilsa,4
thyyan,4
iduran,4
qur,4
umttcu,4
ayat,4
unckk,4
īm,4
ulujit,4
ayrni,4
tettawssan,4
brayyim,4
yagan,4
tanggarut,4
amulli,4
christ,4
patrimoine,4
tuggugt,4
kkantinn,4
tbbin,4
imjri,4
ttarix,4
nos,4
arsène,4
lus,4
yudf,4
yusa,4
takunfidiralit,4
atta,4
socio,4
his,4
podeur,4
souab,4
tasit,4
mul,4
izr,4
agdur,4
tissit,4
ttasi,4
tmnkda,4
imuzayn,4
ttal,4
rimn,4
alkam,4
cix,4
usidn,4
akucam,4
imzdagh,4
sawwaln,4
iyyn,4
ume,4
tuxmirt,4
asqqul,4
ttub,4
igrikiyn,4
inwa,4
cukri,4
idder,4
tswwuri,4
arka,4
nswuri,4
ittirirn,4
uydud,4
wudmawn,4
sulnt,4
tamllalt,4
nqqan,4
anct,4
ilazm,4
tamlla,4
agr,4
ugr,4
ggarn,4
asussn,4
nrms,4
anafgan,4
didactique,4
maârif,4
chanson,4
voix,4
méditerranée,4
lahcen,4
rêve,4
source,4
cahiers,4
identité,4
grammaticale,4
nasen,4
idels,4
izry,4
uy,4
mudi,4
ngli,4
lunast,4
nukz,4
mmrksnin,4
immrkksn,4
innur,4
issktay,4
aym,4
rk,4
ingabaln,4
uzmzzu,4
tiwra,4
ariwn,4
isatti,4
ssntayn,4
ammin,4
tnr,4
ijjin,4
afirus,4
tmqqa,4
arnt,4
tigmma,4
abbu,4
andy,4
zenczak,4
folk,4
hall,4
notre,4
ilinken,4
alimt,4
tanzggit,4
waddud,4
idammen,4
ifttu,4
ttaru,4
sinn,4
umitru,4
ifil,4
tasnni,4
siti,4
amguran,4
usnmkta,4
uckukl,4
pulunya,4
sant,4
izugn,4
nlkm,4
tistmatin,4
seule,4
degna,4
usmusu,4
ittwassann,4
iknna,4
fjjijn,4
tisurarin,4
suzan,4
royaume,4
azrfan,4
isbddn,4
portail,4
wayyaw,4
taymunt,4
fm,4
radio,4
karim,4
uruba,4
ibin,4
tamirandit,4
burundi,4
ibuka,4
tzwuri,4
ittnunuyn,4
misra,4
tmlilt,4
itwassan,4
danmark,4
tettwassn,4
pa,4
tmmatti,4
wilyam,4
ntan,4
aymman,4
abri,4
tkkis,4
tullsa,4
djibuti,4
attayen,4
mainardi,4
ser,4
ittelmad,4
yume,4
ittmunan,4
imensi,4
aguns,4
use,4
rfant,4
tka,4
faysbuk,4
tgatt,4
ulbnsir,4
tirmiwin,4
uysa,4
rqyya,4
tssfifin,4
women,4
tasnadrt,4
insimann,4
tanafut,4
tdru,4
sacramnt,4
trarit,4
unnig,4
inint,4
garhou,4
isulfn,4
yunfn,4
usiwl,4
yukz,4
tamukrist,4
amsawal,4
imqqimn,4
tmsirt,4
imarratn,4
imjjayn,4
tsugar,4
tawla,4
tagdiwin,4
kubik,4
tiddukkla,4
tswa,4
ldin,4
mmt,4
tirat,4
sbzzizn,4
stawhmmanin,4
cipiyuni,4
imnzayn,4
igdl,4
books,4
omnia,4
william,4
physics,4
same,4
henry,4
iyafutn,4
chinese,4
sgitsnt,4
congo,4
asurif,4
almmud,4
blyun,4
fat,4
simrawt,4
khaldûn,4
honneur,4
tettyuskar,4
errimen,4
terabbut,4
fc,4
parmi,4
nomme,4
taclhiyt,4
nawi,4
icla,4
aujourd,4
tant,4
cl,4
name,4
shluoch,4
call,4
noble,4
word,4
that,4
used,4
tillawt,4
taklasikt,4
unfal,4
unti,4
tawtmant,4
neo,4
ssnin,4
larose,4
occidental,4
émile,4
tumi,4
tanatamt,4
lune,4
guru,4
did,4
manu,4
akken,4
amenzu,4
lad,4
claude,4
ifan,4
uzazwu,4
glmim,4
tgmrt,4
ufga,4
wayni,4
tuzzumt,4
tillili,4
ifln,4
angmar,4
bur,4
bark,4
zanifi,4
awes,4
imdann,4
qqad,4
mulana,4
mlaln,4
tetti,4
annar,4
wr,4
tfrnsist,4
imuha,4
zugn,4
susa,4
tkkatin,4
tigzirt,4
yah,4
iziker,4
ljir,4
tbbit,4
miden,4
fellak,4
fkat,4
munen,4
umucc,4
tadallit,4
uglif,4
ijji,4
bbint,4
tskart,4
agha,4
wadû,4
swingem,4
akid,4
udâr,4
inqqan,4
izzan,4
nnês,4
isafaren,4
izan,4
tanyaft,4
ufa,4
usunfu,4
yaksul,4
righ,4
miyya,4
tukkimin,4
igas,4
ufanin,4
tafunast,4
miss,4
uxsay,4
agni,4
undrat,4
zan,4
pakistan,4
islgan,4
dikart,4
inict,4
umnad,4
autre,4
contre,4
izza,4
reine,4
origine,4
amanar,4
mena,4
badis,4
bukkus,4
jugurtha,4
secret,4
romains,4
tswak,4
amgaru,4
adllis,4
usmi,4
kansas,4
michigan,4
mansur,4
abou,4
yaqub,4
tachfin,4
zakariya,4
bologhin,4
carthage,4
zyad,4
nakka,4
isma,4
nurri,4
nnin,4
usfi,4
yawid,4
yult,4
lkarim,4
lbarakat,4
bus,4
aqa,4
buzya,4
sayn,4
tarmit,4
iwan,4
swingmn,4
tnana,4
ulg,4
ikkusu,4
waddal,4
umdlu,4
waggagn,4
immn,4
ittyagas,4
rraysa,4
sslam,4
kiwan,4
tinafganin,4
buwafi,4
dkk,4
bril,4
yazn,4
kateb,4
uqryan,4
yulyus,4
qus,4
tamdintad,4
mert,4
author,4
uhêwac,4
usayes,4
erb,4
yaggugen,4
ids,4
misen,4
isat,4
belàid,4
isen,4
buslam,4
dwa,4
tamrarut,4
mkka,4
irqqasn,4
tassurt,4
timrawin,4
tinnin,4
uksum,4
ibcki,4
tssmras,4
imhyyatn,4
izndayn,4
izndatn,4
ikkatn,4
inmazaln,4
taznadt,4
unmazal,4
tikliwin,4
tswik,4
iturkiyn,4
imlyunen,4
rawi,4
tzzray,4
asrdas,4
leqbayel,4
flsn,4
cartographie,4
ttyawssanin,4
yixef,4
ale,4
ren,4
raren,4
ixatren,4
anib,4
lyre,4
uduk,4
ifek,4
isuliln,4
yifassn,4
trwi,4
tlssa,4
translations,4
written,4
tissnat,4
tafim,4
tettyusawal,4
mmtn,4
wijjan,4
animt,4
ubb,4
darun,4
tjllabit,4
addal,4
iminag,4
iqdimn,4
ttirint,4
tkccu,4
tamal,4
mano,4
hautes,4
amsmun,4
tazbayt,4
rika,4
qr,4
uwnni,4
oued,4
tirgin,4
bnebin,4
iffe,4
tika,4
skernt,4
uluj,4
filis,4
usmmaql,4
marie,4
foucauld,4
ttawssannin,4
anccad,4
iks,4
wahruc,4
ugg,4
ilat,4
latif,4
waln,4
lxnct,4
imalas,4
tufit,4
ittal,4
eln,4
sadn,4
lkem,4
nekkin,4
awen,4
awid,4
ubbil,4
lfayda,4
sas,4
smussun,4
inor,4
beljika,4
ibadl,4
manit,4
amaddur,4
lmuxtar,4
ssusi,4
zgi,4
isd,4
moi,4
ajb,4
bdlkrim,4
diwana,4
imasayn,4
ttuska,4
issiwidn,4
tiwwriwin,4
tom,4
french,4
shilha,4
lala,4
free,4
lecture,4
veut,4
dire,4
end,4
abdelkrim,4
nadya,4
ufayl,4
uwttu,4
dilus,4
adrba,4
iglin,4
tsnb,4
tettyufka,4
group,4
imassanen,4
yirmawen,4
pulandya,4
asertan,4
mhz,4
katn,4
kili,4
ibnut,4
targist,4
jbala,4
awiha,4
imzi,4
tizmmar,4
tirmit,4
tmdult,4
zzawiya,4
bismillah,4
tawst,4
tackan,4
sfalkayn,4
propos,4
ouest,4
iligh,4
handbuch,4
hespéris,4
bak,4
dunit,4
taxsayt,4
uggrn,4
lbidaya,4
fart,4
irim,4
slawant,4
isf,4
zkri,4
alm,4
tikni,4
imntagn,4
imbra,4
muxtar,4
tadamsant,4
angu,4
économique,4
anmalass,4
amsgnaf,4
itggan,4
aksum,4
eri,4
afroasiatic,4
tmm,4
tari,4
mustapha,4
ubeddur,4
umahellaw,4
ahilyum,4
abyuluji,4
umgljin,4
tifi,4
imglfkkiwn,4
tiggas,4
yyad,4
tamda,4
tatunsit,4
tns,4
mayadd,4
taflallayt,4
umzraw,4
tya,4
stone,4
midlt,4
talikt,4
ruf,4
tafaln,4
srasn,4
tamgrut,4
cci,4
wawrik,4
unni,4
tasgnaft,4
tinunnac,4
unmuqqar,4
tinl,4
ministère,4
zayane,4
tachelhite,4
igduden,4
uvirus,4
avirus,4
amdh,4
isgzawaln,4
tzgawt,4
drus,4
ssekkar,4
ayddares,4
ddunt,4
tgizult,4
attent,4
ci,4
wartmi,4
nusi,4
walet,4
tumanin,4
dduzdar,4
aber,4
tismmamin,4
llimun,4
timttawin,4
yimal,4
zzawaya,4
ubkki,4
tdabut,4
mg,4
tnafut,4
issarn,4
amraw,4
sociales,4
elt,4
timskirin,4
tasrdunt,4
ibis,4
nijinin,4
fll,4
ussuf,4
tzmrt,4
tmunan,4
timzguida,4
tasamiyt,4
yari,4
bs,4
irk,4
voyages,4
tsdawt,4
amssan,4
tnifiln,4
usnifl,4
origin,4
walik,4
mzarayn,4
tillirt,4
iwra,4
aklim,4
depuis,4
republyk,4
brrk,4
wikibidya,4
imadann,4
ttuskarnt,4
tasmunt,4
ahaggar,4
backing,4
ljahr,4
talxca,4
tjapunit,4
katakana,4
najah,4
difaa,4
fath,4
nador,4
tayyniwt,4
tizmkt,4
twwriwin,4
tanbba,4
nnqq,4
ukyu,4
buc,4
atwargi,4
tmsarin,4
timusnakin,4
byir,4
ilgamn,4
titrarin,4
tunst,4
twat,4
disnt,4
tufi,4
affa,4
assunnyya,4
tisunniyin,4
iqbrn,4
issfru,4
naït,4
aniyt,4
tfrkiwin,4
nsslkm,4
tasnilst,4
orientales,4
sémitiques,4
asiatique,4
arabes,4
mythe,4
esquisse,4
yay,4
aourâs,4
oriental,4
lettres,4
dell,4
genève,4
tcawit,4
berlin,4
tayyawt,4
tettubdar,4
issmras,4
tamazir,4
cours,4
tachel,4
tettuyskar,4
aqn,4
ifunimn,4
isggan,4
uzwir,4
ukcam,4
smzl,4
blyunt,4
siècles,4
colin,4
volume,4
cohen,4
influence,4
evidence,4
tafransit,4
takwanit,4
ssfld,4
tkcim,4
ttmslayn,4
yikurdiyn,4
yikurdiyen,4
ric,4
tamahaq,4
isinutlayn,4
imslmazi,4
ernest,4
massih,4
trifiyt,4
tinammasin,4
zwara,4
haskala,4
iradikaliyn,4
nsskti,4
tantalyin,4
car,4
mmrwasnt,4
militarev,4
annaba,4
agn,4
tksu,4
tzmr,4
dusnin,4
tilmct,4
tsmaxut,4
aglzim,4
timzgunin,4
misérables,4
ful,4
mârrâ,4
rebhâr,4
talmanit,4
lawras,4
ikkit,4
nnaqus,4
tizza,4
ujini,4
uktawyan,4
tsskcm,4
glafyra,4
zaïd,4
iwngimn,4
agaz,4
tinigit,4
iffou,4
boubakdi,4
lhmm,4
baddouj,4
liyin,4
usiw,4
isnubg,4
nsnt,4
october,4
udraz,4
yalul,4
isswan,4
isiggl,4
cuhad,4
isyafa,4
tsslkm,4
gulmima,4
tddid,4
trid,4
inya,4
hâssan,4
salm,4
boumisser,4
abdelouahed,4
isku,4
iffr,4
ittidrus,4
ukuray,4
ahanu,4
imda,4
iluh,4
tettufsar,4
tsbu,4
tiyafutin,4
tadamumt,4
imcay,4
ennin,4
tilellit,4
nnawt,4
tiwallin,4
lyunil,4
usddiy,4
dutn,4
inrzaf,4
ugucclman,4
tulkint,4
challenge,4
udin,4
mmgdanin,4
immrwas,4
tusligin,4
tmssa,4
tetsrrt,4
usknaf,4
titargiyin,4
ittawbdar,4
layqin,4
tmacahut,4
ikti,4
tcaga,4
izzgan,4
lluzzan,4
itahln,4
ssnwant,4
tmzgunin,4
tasusyulujit,4
itrsn,4
tarnnawt,4
tasdugmt,4
zzrb,4
wayc,4
uslli,4
tsliyt,4
usgdan,4
turarn,4
lhuki,4
icddadn,4
walbitn,4
albitn,4
tdwr,4
bxayr,4
mamin,4
awgal,4
ismrksn,4
uzda,4
imadliwn,4
ssinigal,4
tawssniwin,4
sffuglun,4
tgli,4
usmaz,4
wanfifn,4
swalan,4
tuzzalt,4
ttawssann,4
arf,4
tmuslmt,4
dufan,4
lqusuni,4
ittddun,4
andalusi,4
ifssayn,4
lac,4
jiti,4
hya,4
tiqq,4
abcci,4
udrum,4
kakaci,4
uhukagi,4
danzu,4
tcirniguf,4
ugnaw,4
tatyana,4
usbdud,4
ssalam,4
ukus,4
zzaqum,4
taddgt,4
tfidi,4
anzbay,4
addyabi,4
idabu,4
yugrn,4
iwtn,4
tsnti,4
tawnza,4
timit,4
amnzag,4
imsgguyta,4
tfalkayt,4
taknisin,4
agummi,4
lxiralda,4
isnan,4
lqubbt,4
tuba,4
tamyaddant,4
tmyaddanin,4
taqubbit,4
ae,4
indalusin,4
ttyafa,4
isqqfan,4
unziln,4
tisilt,4
mmnzrin,4
aqrmud,4
amrniw,4
istwan,4
inuma,4
zmin,4
tamdnant,4
unsay,4
nttakz,4
isdan,4
tettunna,4
ittunnan,4
yisli,4
usujd,4
lmi,4
lxaxam,4
smi,4
awrik,4
tzzigzt,4
daddas,4
ullsn,4
yulls,4
tayniwin,4
uzznz,4
skka,4
smaynun,4
tskin,4
ignnayn,4
anzgan,4
gueliz,4
unada,4
ttugant,4
udjan,4
ttuga,4
tannurt,4
ssarm,4
fridirik,4
nitc,4
lmunadi,4
uzrdab,4
walas,4
imstggarn,4
imyanawn,4
syafa,4
natir,4
unfafad,4
anssi,4
tafrdit,4
bdlqadr,4
tassuqt,4
jt,4
nnqqub,4
uefa,4
rey,4
grammy,4
grami,4
ubilirubin,4
azwil,3
alyant,3
iggan,3
yufrarn,3
maln,3
tasragt,3
asimu,3
yutin,3
isnfluln,3
andunisya,3
tawna,3
abaddaz,3
ittyakkan,3
rim,3
igulu,3
ilugann,3
igider,3
iqan,3
tzuri,3
imazighn,3
irwan,3
ubrni,3
ugaywar,3
lbuxari,3
tamraw,3
lmadina,3
ibubba,3
amyassan,3
republic,3
states,3
peace,3
images,3
issr,3
acnyul,3
alawiyn,3
icnyal,3
uzgga,3
ibidn,3
armiti,3
ittunna,3
adanbala,3
tx,3
umntil,3
azwaq,3
usfaylu,3
usijji,3
ittddrn,3
azuzwu,3
innurz,3
savoir,3
tafran,3
dendrologie,3
dendron,3
logos,3
talggut,3
azukka,3
aknaray,3
tamawalt,3
ittuyssann,3
ikrmn,3
liy,3
tenba,3
mqquren,3
anwrir,3
cqqanin,3
sali,3
ifu,3
tlkmd,3
imkn,3
xviii,3
xvi,3
laynin,3
ttyuskarn,3
nskar,3
inadn,3
ibxxuyn,3
tasggant,3
msln,3
amttcu,3
claf,3
afla,3
yaran,3
akimyan,3
runant,3
takrurant,3
uddisn,3
nsnfali,3
uicpa,3
takimit,3
azdawan,3
tableau,3
périodique,3
ffrnt,3
ittuysxdamn,3
sxdamn,3
lucius,3
wannarn,3
asinus,3
igitn,3
library,3
god,3
itzda,3
nctta,3
tifiyya,3
tamrrukiyt,3
do,3
funti,3
tlallit,3
taka,3
nnawa,3
uskan,3
abrtqqizi,3
aguer,3
wawrir,3
umummi,3
ustti,3
ittyawbna,3
icwan,3
itkkan,3
ilalmaniyn,3
tisnat,3
tsdawin,3
tidmsanin,3
encg,3
izugaz,3
warn,3
ussudu,3
tunnunin,3
issann,3
fabur,3
slawantt,3
iqqaridn,3
ifgann,3
ljma,3
isisfiwn,3
lmunt,3
ittga,3
nad,3
izid,3
meunié,3
graphiques,3
qqizn,3
manwil,3
iyyl,3
nature,3
wazzanen,3
murran,3
igzi,3
iskern,3
keyyin,3
ameqran,3
ancek,3
tosna,3
mmayen,3
taglda,3
tikwal,3
usussn,3
oran,3
soummam,3
aich,3
tadukli,3
fus,3
toulouse,3
barcelona,3
página,3
isiggel,3
tawessna,3
recherche,3
ymqqurn,3
tasukt,3
amir,3
ignarn,3
donald,3
tilifun,3
menara,3
tamazgha,3
leo,3
ikkatt,3
tagadda,3
imustawn,3
kkantt,3
ssb,3
ittwan,3
wafu,3
tzur,3
isitti,3
ajawji,3
akayya,3
dikkuk,3
muka,3
tabzbizt,3
taqqni,3
ifrgan,3
timilli,3
boukous,3
mir,3
adimuq,3
awngm,3
pjd,3
abadan,3
itsutul,3
isggas,3
tinafllatin,3
ammu,3
inr,3
solaire,3
mira,3
kayn,3
tawra,3
lwib,3
tbrziwin,3
tettuga,3
yuli,3
ittnza,3
kazan,3
butrus,3
burg,3
ussinf,3
awraba,3
tunes,3
remt,3
qayrawan,3
asyafu,3
albanya,3
tmadunt,3
anazur,3
gramy,3
pouchkine,3
lupira,3
matin,3
ancêtre,3
voyage,3
récits,3
maître,3
poste,3
fille,3
ombres,3
coll,3
tamazrayt,3
ajjig,3
ittawsen,3
tawes,3
énergie,3
talugaritmiyt,3
nml,3
umnign,3
waxi,3
mathematicien,3
aire,3
tanzeggant,3
tifrtin,3
tutca,3
tssrus,3
yilsawn,3
lgaz,3
amdlu,3
driss,3
jamal,3
ammouri,3
oumguil,3
rouicha,3
akil,3
abadu,3
sillon,3
oiseau,3
seau,3
matière,3
bétail,3
pousse,3
plante,3
passage,3
bestiaux,3
ruche,3
vigne,3
wuccen,3
malade,3
vent,3
addran,3
adif,3
gazelle,3
anatomie,3
colline,3
afawwu,3
afalkay,3
afarnu,3
objet,3
jeune,3
fumier,3
ifrig,3
haie,3
feuille,3
très,3
grains,3
vert,3
bouquet,3
pâturage,3
meule,3
agjdi,3
stipe,3
verte,3
racine,3
limite,3
chambre,3
chemin,3
agrur,3
dont,3
fleur,3
lors,3
met,3
arya,3
moulin,3
noir,3
computer,3
tarmiwin,3
tazn,3
isnti,3
imarayn,3
nzant,3
salan,3
usagm,3
amayas,3
umayas,3
istay,3
blyunin,3
usikl,3
zzifen,3
amlwi,3
pasifik,3
finus,3
amina,3
wfgan,3
ikkrz,3
kawin,3
tisnajyanin,3
abdrra,3
askar,3
usaggu,3
direction,3
imucciwn,3
ikrwan,3
ismawen,3
inmyarn,3
itdda,3
untim,3
tilibizyun,3
aramyar,3
akkuc,3
izdayen,3
culturel,3
iminagn,3
tssuda,3
tsddawit,3
tsklut,3
commence,3
ungimn,3
index,3
see,3
umzaz,3
amuriy,3
iskkin,3
asagm,3
usirw,3
iym,3
tzdy,3
wulawn,3
imuriyn,3
ibi,3
rmi,3
ifgan,3
iqnn,3
isntayn,3
iwnna,3
ams,3
kar,3
isagmn,3
usrdas,3
tamyadast,3
tarkyulujit,3
imurin,3
maysara,3
llu,3
diyyin,3
rwan,3
staqrn,3
cala,3
liksus,3
amyawas,3
amnkad,3
tlm,3
iji,3
ackn,3
issntin,3
tamawit,3
ignsas,3
sijilmassa,3
tamsna,3
umurnwakuc,3
tfilalt,3
ikkattinn,3
tsimant,3
tes,3
issifi,3
ikr,3
usak,3
walaf,3
itmma,3
iband,3
akec,3
tummrt,3
iwrrid,3
lib,3
asdurri,3
izwilen,3
ntara,3
asugnan,3
mggrn,3
andriyya,3
adhaybi,3
perugino,3
immutti,3
snulfun,3
donatello,3
sk,3
yisegg,3
iwwis,3
tgiriwin,3
usefris,3
ustudyu,3
snt,3
umasi,3
giorgio,3
ikswatn,3
irad,3
usumr,3
utabut,3
low,3
surface,3
tfsna,3
high,3
ifsi,3
yujad,3
teglizt,3
imasayen,3
stan,3
communion,3
azamul,3
cosimo,3
tezwiri,3
temrawant,3
izen,3
isefrisen,3
tmaddasin,3
azalan,3
system,3
amtiwgan,3
ittwassnen,3
rud,3
imtiwgen,3
adfl,3
tilist,3
ismussu,3
tasartut,3
asnmassu,3
alwiwa,3
unsmassu,3
francais,3
glossaire,3
wun,3
jar,3
laguna,3
atalyani,3
villa,3
igenna,3
llif,3
merra,3
tudrin,3
dailymotion,3
abarbari,3
yaqq,3
gram,3
adrn,3
tawwukt,3
ayer,3
tmazirtns,3
ikfan,3
fknt,3
tuggut,3
tenna,3
uzrig,3
làar,3
ssibab,3
nettu,3
myar,3
gigh,3
wissin,3
tinduf,3
bakri,3
lyun,3
ibiyyn,3
afiyyac,3
ffin,3
kmmln,3
ittffi,3
txsayt,3
llam,3
tifiyyict,3
yisan,3
lgrga,3
ys,3
lafn,3
izznz,3
tafiyyuct,3
akudann,3
tzgmmut,3
lbhaym,3
lidam,3
ukwan,3
asp,3
tus,3
igadda,3
awit,3
iznza,3
tarminit,3
itini,3
isblyuniyn,3
isfsarn,3
ziwin,3
umk,3
nswurri,3
tawssan,3
formule,3
yyult,3
ase,3
asmmud,3
asnmarra,3
anfla,3
ittyusmras,3
ayulyan,3
mmnaw,3
isfuglu,3
ayrzan,3
ssrusn,3
yignwan,3
ttbbin,3
qqrsn,3
ssnun,3
tzgzut,3
res,3
bumal,3
xmis,3
tzdayin,3
issafn,3
rayc,3
ismg,3
assif,3
mlilya,3
awluz,3
hwara,3
tamr,3
ayadd,3
rrbi,3
mrirt,3
ittaf,3
unza,3
bbachn,3
amattuy,3
iswuttu,3
tmazzalt,3
tmdrawt,3
asgman,3
snmalan,3
ixsn,3
innal,3
isinagn,3
usslkm,3
walugn,3
inmhaln,3
ittma,3
anj,3
ittusta,3
annag,3
untam,3
audio,3
usl,3
tasrtiyt,3
manaya,3
niws,3
iav,3
tmadrsgnaft,3
ufqqir,3
imddukwal,3
tililli,3
asun,3
usdurry,3
ttarin,3
adida,3
gabryil,3
uglim,3
ygin,3
atign,3
ukraf,3
tamattuyt,3
tms,3
tddun,3
aknul,3
budnib,3
photos,3
post,3
amadalamazigh,3
asira,3
tnfrut,3
isadurn,3
office,3
sécurité,3
alugan,3
tawzizt,3
tinfaliyin,3
analyse,3
coefficients,3
asmdya,3
espace,3
norme,3
helli,3
ugmiw,3
itxdamn,3
relation,3
azaru,3
uslkim,3
ordre,3
assi,3
sens,3
mesmunawal,3
wwqqcur,3
aburi,3
arkun,3
zuku,3
dem,3
awla,3
iwqqasen,3
awqqas,3
kay,3
ingmaren,3
isbbaben,3
umarra,3
tizmkin,3
imaddaren,3
animation,3
usnful,3
uzbg,3
tulut,3
uskir,3
nals,3
tamsuddst,3
ujju,3
graham,3
oclc,3
derive,3
asnti,3
aspinu,3
tnara,3
tagmart,3
tinwutci,3
lata,3
ageldan,3
twalt,3
usfrk,3
utlayan,3
awsnt,3
ilg,3
istcin,3
ittbbi,3
yeskar,3
cettan,3
tega,3
umen,3
izward,3
immurzm,3
adas,3
ifssus,3
axidus,3
tsmuni,3
xldun,3
ibrnusn,3
ugldun,3
lqadr,3
izilaln,3
angal,3
asalan,3
tifrt,3
cetr,3
issidrus,3
ifrg,3
tadrut,3
izzu,3
illā,3
walā,3
tayfst,3
tizikt,3
taz,3
isbidn,3
info,3
aysland,3
wayawn,3
tettubna,3
umsntam,3
ujjin,3
iwint,3
tthami,3
ttl,3
tacc,3
mnu,3
isskk,3
taddrwin,3
who,3
jesus,3
living,3
last,3
alexander,3
kingdom,3
one,3
our,3
tussan,3
ilaln,3
tzuknnit,3
ijra,3
talilt,3
jours,3
ndhir,3
légendes,3
mtir,3
washington,3
mgild,3
phonological,3
angeles,3
tantliwin,3
rracidya,3
didu,3
gmrn,3
tskkurt,3
umzn,3
ifss,3
tmzin,3
ih,3
tqqnt,3
taglayt,3
yuda,3
ayddid,3
wukris,3
elba,3
ugwns,3
ifhm,3
ifrd,3
swab,3
agmar,3
tarumiyt,3
barbe,3
igma,3
tmagunin,3
ikullu,3
tnggumt,3
amyas,3
tanaka,3
usqqsi,3
aray,3
timsarin,3
twa,3
awad,3
kidal,3
timbuktu,3
burkina,3
iqs,3
azemz,3
udmr,3
wafar,3
tayyut,3
yiwid,3
iwid,3
ssul,3
rann,3
right,3
healthy,3
awnni,3
tirwit,3
tiblday,3
ikssa,3
tabadut,3
imsmigln,3
aydud,3
tsf,3
tidaliwin,3
sinima,3
ufrnu,3
tudit,3
jint,3
uka,3
aglutin,3
ahr,3
waqqur,3
ittasin,3
iyysan,3
emm,3
urka,3
asissn,3
timazar,3
tsutiwin,3
yussf,3
itwassnn,3
yufin,3
ittmtat,3
iggar,3
abda,3
rmsn,3
ratin,3
ifukk,3
tirbatin,3
grn,3
tiyti,3
lfidyu,3
nam,3
zzman,3
munir,3
peyron,3
uyyi,3
masn,3
ssflidn,3
biyru,3
azlma,3
aciban,3
ars,3
waddadn,3
zmmemn,3
tadabut,3
bounfour,3
chant,3
jouad,3
rurale,3
ouarzazate,3
disponible,3
communication,3
aménagement,3
yves,3
amstan,3
icark,3
proposé,3
isers,3
raw,3
mussu,3
ifra,3
sars,3
tahramt,3
lhit,3
tafrra,3
tsktant,3
xtid,3
immrkks,3
atawan,3
ttrar,3
amrara,3
umarur,3
awant,3
asrir,3
urant,3
tfada,3
turrgza,3
butska,3
wawgaln,3
ittbddad,3
uwc,3
imintanut,3
ahwac,3
fkant,3
ctuka,3
ticka,3
iwsimn,3
tanalt,3
xnif,3
aml,3
lqqayd,3
lamani,3
ttbddadn,3
lsn,3
tijlluba,3
bddun,3
ttxlla,3
ittyafka,3
aglagal,3
dawud,3
taznaxt,3
tata,3
bra,3
froid,3
idraran,3
uburkan,3
kuruna,3
umlulluy,3
tigga,3
abdlqadr,3
taqqayt,3
tanmyurt,3
ittmuttuy,3
ittusun,3
tinxar,3
waray,3
asijji,3
kalifu,3
nya,3
alex,3
patrick,3
wact,3
francisco,3
museum,3
ucla,3
texas,3
california,3
sierra,3
nsawwal,3
igjdan,3
abulisi,3
ddat,3
azwawa,3
gris,3
section,3
ittaylaln,3
abdlla,3
umsgdal,3
urra,3
nzri,3
amssuf,3
najj,3
lixrt,3
bucan,3
nssi,3
tisgiwin,3
ittubna,3
luvr,3
alut,3
takatulikt,3
tamzrayt,3
tmzwagt,3
ggutnt,3
xatrnin,3
nyuyurk,3
iflla,3
izuyd,3
samraw,3
rrimt,3
mund,3
unmila,3
ulampikiyn,3
buck,3
bunny,3
blender,3
ilwan,3
taggugt,3
tettuskar,3
rsn,3
ttddun,3
izimr,3
lxwa,3
assm,3
fabu,3
asiggz,3
links,3
tamaddut,3
unya,3
amusnaw,3
amjjay,3
kurdu,3
tiktiwin,3
sri,3
rradyu,3
tadlist,3
interview,3
wilz,3
república,3
zed,3
lxla,3
ittadjan,3
isaqqul,3
hirzigubiniya,3
tabu,3
can,3
ccrifa,3
tazrut,3
tkkit,3
ttals,3
tifit,3
innfl,3
nmma,3
tamlilt,3
tqqim,3
astun,3
ccm,3
agrawli,3
tlelli,3
tbuniqt,3
cisneros,3
tajmilt,3
park,3
irl,3
ittmuddu,3
tsta,3
tssutr,3
tillit,3
ttawfiq,3
ynnayr,3
alyani,3
uyenna,3
gimignano,3
tseqqimin,3
tommaso,3
umekla,3
taklut,3
chapel,3
ugezzum,3
umiyen,3
useddi,3
imaynutnin,3
yawes,3
annunciation,3
moro,3
francis,3
tawilayt,3
amusnakt,3
islkamn,3
harfard,3
fisbuk,3
ram,3
tlmd,3
tettara,3
nasr,3
tunfust,3
aysin,3
igigiln,3
jddas,3
politique,3
taslmadt,3
uskar,3
ym,3
finlandya,3
niri,3
bitci,3
jyuvanni,3
tasawrt,3
ssfrun,3
virrukyu,3
altarpic,3
tglizt,3
ttraran,3
saswa,3
umiyyn,3
tnfusin,3
tfssi,3
tiwinas,3
tanumi,3
jérôme,3
acnti,3
ittrara,3
tfizikt,3
théorème,3
waljibr,3
kwartik,3
wurarn,3
fazyu,3
ubayyu,3
tflsuft,3
battista,3
aldo,3
unlmad,3
fontana,3
gulan,3
my,3
review,3
kenneth,3
george,3
routledge,3
traditional,3
malay,3
swahili,3
turkish,3
div,3
tok,3
udraw,3
view,3
biliz,3
tmb,3
imnba,3
anabi,3
unabi,3
hungarya,3
thungarit,3
immudda,3
juzayy,3
bgayt,3
kitāb,3
ukccumn,3
wy,3
afulkiy,3
rafit,3
lyaman,3
amrini,3
ibar,3
ash,3
tiffugna,3
psv,3
masen,3
immr,3
utrecht,3
anmuqqar,3
numides,3
ccl,3
slane,3
tente,3
infln,3
ittusgaddan,3
laine,3
gueux,3
voleurs,3
image,3
comme,3
rencontre,3
yannin,3
tantalayt,3
anmmas,3
this,3
has,3
been,3
observed,3
arabs,3
verb,3
nttn,3
izgl,3
ittnfaln,3
imsisli,3
imsl,3
ggamin,3
ittur,3
tgara,3
tawafu,3
lbari,3
yimazi,3
alexis,3
cas,3
cycle,3
umartin,3
tamsult,3
taqdimt,3
bll,3
anthropologie,3
cedrus,3
inuba,3
azwaw,3
tarba,3
yiwet,3
uh,3
tsekkurt,3
tamezwarut,3
ttafa,3
zifen,3
kilimangaru,3
tizult,3
mgun,3
porte,3
swurinin,3
meqqurnin,3
ulat,3
tiklt,3
idrar,3
smmun,3
laspalmas,3
tagwanciyt,3
ijla,3
imiri,3
ddawas,3
isgwasn,3
tuwuriwin,3
slkmn,3
tswingm,3
twats,3
binaire,3
irden,3
amzgur,3
imariniyn,3
iburtu,3
aliyn,3
ittubdarn,3
waddagen,3
nsul,3
ifaddn,3
ge,3
tawant,3
tisura,3
lint,3
fut,3
ct,3
yugin,3
mskin,3
kant,3
tacel,3
autres,3
tamzarayt,3
amadan,3
imd,3
ksksu,3
yil,3
tawankt,3
acrqi,3
tamuri,3
sini,3
isawalen,3
gara,3
gim,3
imugas,3
mdint,3
lalen,3
ulimbus,3
insi,3
yinsi,3
acini,3
fusion,3
akuray,3
ibawen,3
tzdart,3
imyaren,3
ggis,3
yadder,3
ittinig,3
tekkat,3
tkurayt,3
bela,3
izzâd,3
adak,3
dagh,3
sergh,3
ixlan,3
igha,3
ibriyen,3
iccin,3
lmayyit,3
yagwem,3
iddal,3
tjja,3
lehna,3
tssutlt,3
izîl,3
tegmmi,3
ikccem,3
uram,3
nnigh,3
ighirdem,3
takurayt,3
isûd,3
uswingem,3
sawel,3
nem,3
ken,3
imink,3
ttyagal,3
iburk,3
manwa,3
wayyad,3
yugi,3
bnadem,3
giwen,3
itawi,3
suff,3
tabbayt,3
làjin,3
issutul,3
uzwu,3
adâr,3
iqqazen,3
sres,3
iqqen,3
dares,3
issiwid,3
icettan,3
aghanim,3
izznzan,3
tinnes,3
temghra,3
urur,3
meyya,3
wach,3
nesen,3
zêr,3
abb,3
twargat,3
mayllan,3
akka,3
yass,3
diyi,3
flala,3
wasya,3
unssi,3
dwar,3
anammr,3
inger,3
tmussu,3
runi,3
tazduzt,3
ssur,3
ruy,3
tigawt,3
body,3
tadêfi,3
tagizult,3
hêmmu,3
légendaire,3
chaouis,3
âmes,3
mère,3
sublime,3
nouveau,3
libre,3
numidie,3
azrur,3
avant,3
yugerten,3
lui,3
amnukal,3
ghomara,3
saden,3
ancien,3
aygun,3
tiyyad,3
inkrd,3
ikurdiyen,3
ittmuddun,3
uduwwar,3
saz,3
abdelhadi,3
tagmat,3
amazan,3
isekraf,3
issuteln,3
ikkes,3
yên,3
wuday,3
ttwassnn,3
usnak,3
philosophy,3
tuwuri,3
universal,3
theory,3
america,3
kumraw,3
illuzzan,3
imnawayn,3
indiana,3
abbas,3
adil,3
yacoub,3
youssouf,3
muhammed,3
zaiyn,3
nasir,3
hammad,3
hannibal,3
hiempsal,3
osorkon,3
sextus,3
moussa,3
harazem,3
mansour,3
tefriqt,3
umzizzl,3
nettafa,3
nhaja,3
twinst,3
alat,3
awm,3
umma,3
ulum,3
ccar,3
lfuqaha,3
lat,3
ttaqalid,3
imya,3
lmdars,3
isarn,3
uniya,3
unit,3
nkkrn,3
nmaggarn,3
sdan,3
igiwal,3
llasnin,3
ia,3
sffa,3
lhif,3
fllati,3
inker,3
lwalidayn,3
anwwac,3
nnem,3
ismkilil,3
uqari,3
xttad,3
nfsi,3
igzayn,3
tiyyni,3
tnid,3
ubrahim,3
lbarud,3
immim,3
jlun,3
ssurrin,3
tagti,3
tusnisin,3
afnsu,3
fb,3
ayl,3
asengam,3
idsnt,3
astratiji,3
ikml,3
quatre,3
tarusiyt,3
usğas,3
ikkisn,3
adanin,3
tamuzayt,3
mmuten,3
yuzen,3
kid,3
lillah,3
arst,3
lhêr,3
adn,3
rasul,3
alliwin,3
muslim,3
tiwwutc,3
imumnn,3
issntay,3
asmi,3
quran,3
issugzn,3
isggizt,3
tmldawin,3
tilawat,3
ussfld,3
ibadat,3
uqq,3
tiqbu,3
mzaraynt,3
dfir,3
nttiri,3
wawnk,3
marokko,3
tssnt,3
iskrkisn,3
uhablugrub,3
imaddudn,3
ntmallayt,3
lkbir,3
carte,3
htm,3
poème,3
regard,3
tazwawt,3
tefransist,3
kabyles,3
lvatican,3
gantnt,3
rc,3
isnumkn,3
rric,3
ibe,3
ilnin,3
aselmad,3
tfelwin,3
nettni,3
tikkelt,3
background,3
unebba,3
ttyafan,3
inelmaden,3
salai,3
tkerkas,3
deffir,3
xlun,3
tmmala,3
wamma,3
mmar,3
zamt,3
holy,3
issun,3
luk,3
rfanin,3
yakz,3
human,3
drawings,3
publishing,3
bruno,3
edu,3
lhddaj,3
ittuyassann,3
satn,3
ttffu,3
ittyum,3
mmalnt,3
ittmnid,3
ccamx,3
gw,3
aglawu,3
llm,3
lhaj,3
azrak,3
amunn,3
nid,3
ussnfl,3
tutmin,3
tamazunt,3
mafaman,3
ittsalan,3
tazgrart,3
website,3
itwargiyn,3
tatwargit,3
idr,3
ecole,3
ummussu,3
dakar,3
michael,3
amerigo,3
vespucci,3
martin,3
kusta,3
panama,3
kuba,3
guyana,3
massylii,3
encyclupidi,3
lwennas,3
mmut,3
baris,3
immiggir,3
lalqab,3
lmiksik,3
mririda,3
dades,3
yiwy,3
baynn,3
israil,3
joseph,3
fuku,3
nous,3
qurayc,3
iluld,3
imumnen,3
slam,3
tagzzayt,3
tflt,3
nnit,3
issar,3
ikksn,3
fellan,3
itlu,3
ihul,3
nettentin,3
tadunt,3
tarigt,3
fissa,3
ikkis,3
sker,3
sisen,3
suss,3
nikki,3
temmut,3
rêd,3
lhîj,3
aqel,3
gix,3
nelkem,3
tend,3
jjenb,3
issum,3
uhêbib,3
iten,3
iftan,3
mrebbi,3
kad,3
gawr,3
itun,3
iswa,3
alima,3
tissfifin,3
anmzray,3
ungas,3
xayr,3
inamun,3
toute,3
prix,3
peuple,3
était,3
vieux,3
khaïr,3
eddine,3
littératures,3
fen,3
mission,3
ligne,3
laft,3
amslay,3
tigariwin,3
trabut,3
ds,3
tarik,3
nadia,3
tasusiyt,3
stricker,3
contains,3
best,3
isasan,3
tagldunt,3
genet,3
ixla,3
babelmed,3
words,3
abddad,3
amed,3
college,3
numidia,3
masaesyli,3
kilomitr,3
masaysyli,3
inran,3
tssutl,3
gzzuln,3
gayus,3
yack,3
tmmu,3
taddjart,3
sbddn,3
tyffart,3
ittyun,3
eastern,3
nl,3
umkku,3
imskarn,3
asuttu,3
waram,3
agensu,3
polska,3
rini,3
yadna,3
agis,3
rracidiya,3
talmu,3
tabrtqqizt,3
urri,3
tmusni,3
zayyu,3
arwi,3
dern,3
azwaru,3
kudan,3
dumarg,3
muta,3
smlal,3
atu,3
wayyawn,3
imuddu,3
itmun,3
aryal,3
yyih,3
isfaw,3
umnza,3
lmin,3
tazeroualt,3
américaine,3
cité,3
xvie,3
marocaines,3
côte,3
klincksieck,3
tiggurma,3
sirbya,3
saydna,3
tifiyi,3
qurnin,3
ittuskirn,3
ablbul,3
unssixf,3
kttin,3
acir,3
imssufa,3
issnkrn,3
ajmil,3
frkus,3
als,3
bawji,3
tiyiti,3
bugrmuh,3
bizakarn,3
zujundar,3
kcm,3
qubi,3
irgayn,3
ifttun,3
drarga,3
tanan,3
tamra,3
alsa,3
rbil,3
ixulan,3
rmanin,3
tambra,3
qualité,3
changer,3
ihdumen,3
tadrart,3
amaris,3
adwwar,3
tibbit,3
imswan,3
asilan,3
baca,3
turdiwin,3
afri,3
iqar,3
isslkn,3
isumr,3
xiv,3
ubadu,3
umal,3
tmggarut,3
tiwfrikin,3
sub,3
bnt,3
tgrumsna,3
mouloud,3
larbi,3
tasint,3
usidd,3
ttidrus,3
kurukuru,3
ttcik,3
amizi,3
up,3
annay,3
ttirirnt,3
tiffilla,3
azali,3
imen,3
azlmad,3
truri,3
imkin,3
hinri,3
franklin,3
ilawan,3
tikti,3
tkimit,3
tsila,3
tknarit,3
asanyya,3
yga,3
ummuddu,3
tisengamin,3
tisnsitin,3
filali,3
décret,3
publique,3
position,3
version,3
timsirin,3
feuilleton,3
magazine,3
yes,3
itarwans,3
gistn,3
iccig,3
aqqdim,3
tasmiglt,3
tfrru,3
ayeddars,3
tessenti,3
ruren,3
tgella,3
ttawint,3
salant,3
isett,3
zzennan,3
aqeran,3
cettant,3
ttswik,3
urr,3
umusa,3
heyyant,3
tujjutin,3
jjanin,3
imeddukkal,3
radd,3
baq,3
ddut,3
takelma,3
utt,3
idit,3
tinit,3
icnubcn,3
botanique,3
géologie,3
anaway,3
ittmuttuyn,3
tafa,3
imrmidn,3
jr,3
ittxdam,3
tizrfanin,3
tnamunin,3
ssmara,3
ttikunulujit,3
tfru,3
astronomie,3
turing,3
krin,3
lmasira,3
ibarazn,3
ddrhm,3
imlulluyn,3
tamuttrt,3
tagnsant,3
imslayn,3
umgiddi,3
tadrfit,3
ufggag,3
taflst,3
mgaddan,3
usnu,3
asurs,3
asnu,3
ittyam,3
ruyn,3
bat,3
tasosiologt,3
ttmussun,3
tasnam,3
ungam,3
migawa,3
tasurart,3
recueil,3
sociétés,3
également,3
algérienne,3
kabylie,3
taffnsut,3
amalad,3
usml,3
nttannay,3
iwttas,3
project,3
inzar,3
lbkri,3
wansiwn,3
erbay,3
tettya,3
tuwat,3
lmamun,3
baynt,3
ttigutn,3
tbdu,3
lwis,3
tatirmudinamikt,3
carlz,3
rubirt,3
ymmas,3
anli,3
tamust,3
tannayyin,3
ngaran,3
nbab,3
nttnin,3
zzi,3
taswingt,3
unli,3
mmayn,3
asntl,3
unicode,3
lahbib,3
iso,3
école,3
kubillu,3
waxxam,3
yumi,3
féminin,3
appliquées,3
préfecture,3
berkane,3
commune,3
buzid,3
médina,3
ikklan,3
lannen,3
guinee,3
feriene,3
grut,3
brittanje,3
noard,3
ierlân,3
bissau,3
sint,3
ttyaran,3
tettusnulfa,3
church,3
tfttu,3
rfi,3
hamid,3
tuottaja,3
imidiwan,3
ulick,3
jdam,3
jm,3
mj,3
zm,3
ajapuni,3
tarabot,3
etoile,3
justice,3
football,3
najm,3
safi,3
hassania,3
hilal,3
fès,3
mouloudia,3
stade,3
tihad,3
ntgga,3
nf,3
uzezzu,3
twilayt,3
wezzu,3
imukan,3
usasfr,3
scribd,3
plantes,3
nnqrt,3
taqssist,3
tggura,3
aglu,3
tizurgan,3
anistan,3
uvidyu,3
tilintit,3
tukart,3
ilmuggarn,3
kkn,3
ifsan,3
mathématiques,3
aswuddu,3
tigtfulin,3
usiskn,3
ugrik,3
tanslmt,3
ittyaskar,3
turuft,3
tamusnakt,3
xix,3
rzun,3
mzaraynin,3
grasnt,3
assinw,3
tutrimin,3
annt,3
ijyugrafn,3
iduwwarn,3
idrn,3
iskcm,3
milano,3
nenni,3
ussudr,3
khalid,3
asmnid,3
lionel,3
notation,3
usuelle,3
conjugaison,3
lafkioui,3
linguistiques,3
lutte,3
srayr,3
sam,3
lima,3
tuddisin,3
tdlsiwin,3
udmawan,3
tberteqqizt,3
nttslla,3
cartes,3
publg,3
publ,3
orientalistes,3
bibliographie,3
univ,3
licence,3
peuples,3
méditerranéens,3
dejeux,3
napoli,3
investigation,3
djarallah,3
jourdan,3
syntaxique,3
chawia,3
correspondance,3
meziani,3
axel,3
note,3
ounissi,3
enag,3
inzan,3
doctorat,3
état,3
algiers,3
zur,3
vycichl,3
tunisie,3
dawdi,3
unisi,3
emed,3
yunes,3
asusiy,3
tantalayin,3
timdanin,3
umsiwl,3
tdwl,3
asma,3
emile,3
ît,3
apprenons,3
msackan,3
imslicann,3
kr,3
smzazal,3
imslican,3
tafirt,3
vs,3
zf,3
imgr,3
igga,3
igdazaln,3
tifirin,3
nak,3
asmawan,3
amaruz,3
ittyurnan,3
mmrwasnin,3
inimann,3
taqub,3
ikikr,3
asiathèque,3
jordan,3
literary,3
folktales,3
reanalysis,3
guedmioua,3
region,3
stream,3
prasse,3
langage,3
elmedlaoui,3
consonants,3
syllables,3
brill,3
phonology,3
challamel,3
lingua,3
vowels,3
how,3
irmawn,3
tkliwin,3
tamazart,3
anatuli,3
tawa,3
aturki,3
taturkit,3
ussn,3
acinwi,3
dakutin,3
handakutin,3
yanen,3
tsufa,3
yimir,3
arun,3
alya,3
ususru,3
tahaggart,3
arbor,3
discourse,3
aicha,3
fllam,3
ultma,3
ustralya,3
ntaf,3
buy,3
tntaliwin,3
mourigh,3
sned,3
ibriyn,3
nkcm,3
tasn,3
isnflul,3
tals,3
hyun,3
abib,3
ayfa,3
birlin,3
tahulandit,3
gurara,3
isr,3
vocalisme,3
ibriszimow,3
dymitr,3
rainer,3
vossen,3
frankfurter,3
archaeology,3
phonologie,3
tuareg,3
yinna,3
uccan,3
tanni,3
uskayn,3
wacc,3
banju,3
fuwa,3
tssnfal,3
nsanin,3
nzwur,3
arumi,3
imassen,3
thala,3
uwssar,3
tjdr,3
tddm,3
tarikt,3
ibbaqqi,3
usmmi,3
ttrsn,3
isrgln,3
yuki,3
smr,3
wayt,3
ufrdu,3
ask,3
tgnt,3
tbbaqqi,3
tiqabbucin,3
nkr,3
tbbi,3
tazzl,3
ballades,3
tuddrt,3
wiii,3
yidlisn,3
iqqs,3
catubrya,3
françois,3
taryast,3
ratar,3
âeddun,3
têdwid,3
gha,3
itturray,3
ittuzda,3
tqrrb,3
tettuy,3
tasanayt,3
nupidya,3
ccnna,3
hi,3
yyal,3
xiralda,3
icddan,3
yifri,3
unplugged,3
amssu,3
mqar,3
ismurig,3
izakarn,3
wiyad,3
kiyin,3
awinu,3
ttiyt,3
aytma,3
tikerkas,3
sengaranagh,3
uckigh,3
roller,3
itihal,3
tgldunt,3
pacification,3
umssanun,3
imafayn,3
league,3
ttkksn,3
lkas,3
rougon,3
fernas,3
marur,3
chkiri,3
faouzi,3
arwass,3
tri,3
bdelmalk,3
tiwes,3
cutambir,3
iccu,3
srsnin,3
niwin,3
arram,3
idirn,3
ittafa,3
tartart,3
fbrayr,3
drwic,3
jjint,3
tamtunt,3
iledjigen,3
ndda,3
bisaw,3
amzday,3
inzz,3
isllwi,3
ittqql,3
tanirin,3
sba,3
smdnt,3
tmqqit,3
tankra,3
yra,3
namir,3
izra,3
tisgnit,3
tinirin,3
ikwti,3
tannirt,3
tqql,3
tldi,3
talxatmt,3
jdrn,3
lallas,3
ingara,3
larya,3
umsmnid,3
luvakiya,3
sonja,3
tmrawant,3
yahoo,3
ssumrn,3
tmri,3
uznk,3
iskerkis,3
dinn,3
bezzaf,3
ixfawen,3
yih,3
irumiyyn,3
didas,3
amuttr,3
buytli,3
itargiyn,3
amakr,3
wusman,3
wagrikn,3
jackson,3
ikucn,3
bantam,3
lbanju,3
tetturar,3
tssudu,3
tettr,3
tabrkant,3
uyyu,3
inkarn,3
istmas,3
zaydnt,3
tlxca,3
ssarn,3
yirdn,3
iskkudn,3
tulkinin,3
odin,3
tadyazt,3
baldr,3
ittarm,3
cakir,3
ittusnmalan,3
iynt,3
gwatanamu,3
ammadu,3
uld,3
wawi,3
barca,3
cannae,3
hannibaal,3
tantla,3
tasinant,3
sfuglun,3
agrawan,3
uriyt,3
aikhenvald,3
ussinw,3
ittmunu,3
amuwa,3
tamsdagt,3
tamuwa,3
tatargit,3
atargi,3
khamed,3
attayoub,3
abdoulmohamine,3
ayttawari,3
seslem,3
adamis,3
calassanti,3
motylinski,3
twwri,3
zrrin,3
jemaa,3
amagdud,3
iin,3
umlla,3
amsnzl,3
isawiyn,3
tallsnin,3
tahijrit,3
tuw,3
tinqqacin,3
atambukti,3
ujjant,3
bardin,3
tanfult,3
timslay,3
tamqqunt,3
ttawfkan,3
tlgamin,3
ismydan,3
lqt,3
umtcu,3
iktlan,3
nzzan,3
ittyazmmam,3
arkmam,3
gay,3
abkki,3
zdayn,3
asskti,3
stahln,3
sslsan,3
adwwa,3
tawfkiwin,3
usrdun,3
llac,3
irukutn,3
ssnunt,3
urarnt,3
iwrrin,3
